kinase,residue_index,fluctuation
ERK2,1,0.6142
ERK2,2,0.1543
ERK2,3,0.5261
ERK2,4,0.5786
ERK2,5,0.4508
ERK2,6,0.6583
ERK2,7,0.5734
ERK2,8,0.1485
ERK2,9,0.3111
ERK2,10,0.7508
ERK2,11,0.5866
ERK2,12,0.4038
ERK2,13,0.7515
ERK2,14,0.4373
ERK2,15,0.4017
ERK2,16,0.3141
ERK2,17,0.4343
ERK2,18,0.6049
ERK2,19,0.169
ERK2,20,0.6372
ERK2,21,0.6551
ERK2,22,0.6836
ERK2,23,0.5951
ERK2,24,0.5299
ERK2,25,1.0335
ERK2,26,0.5884
ERK2,27,0.7288
ERK2,28,1.0384
ERK2,29,0.8811
ERK2,30,1.0821
ERK2,31,1.1102
ERK2,32,1.2155
ERK2,33,1.2118
ERK2,34,1.1987
ERK2,35,1.426
ERK2,36,1.8483
ERK2,37,1.417
ERK2,38,2.1354
ERK2,39,2.0331
ERK2,40,2.276
ERK2,41,2.2119
ERK2,42,1.9191
ERK2,43,2.1584
ERK2,44,2.3636
ERK2,45,2.8892
ERK2,46,2.1995
ERK2,47,2.7987
ERK2,48,2.7205
ERK2,49,2.9666
ERK2,50,2.8309
ERK2,51,2.625
ERK2,52,3.0814
ERK2,53,2.8401
ERK2,54,2.6807
ERK2,55,2.7726
ERK2,56,2.8544
ERK2,57,3.1389
ERK2,58,2.6897
ERK2,59,2.7476
ERK2,60,2.6736
ERK2,61,2.767
ERK2,62,2.7548
ERK2,63,2.502
ERK2,64,2.6342
ERK2,65,2.631
ERK2,66,2.523
ERK2,67,1.8803
ERK2,68,2.2815
ERK2,69,1.9276
ERK2,70,1.6828
ERK2,71,1.7139
ERK2,72,1.4182
ERK2,73,1.263
ERK2,74,0.9003
ERK2,75,1.1257
ERK2,76,1.1742
ERK2,77,0.9239
ERK2,78,1.0792
ERK2,79,1.1506
ERK2,80,1.2049
ERK2,81,0.9491
ERK2,82,0.8279
ERK2,83,0.9151
ERK2,84,0.4374
ERK2,85,0.8767
ERK2,86,0.4808
ERK2,87,0.7416
ERK2,88,0.6937
ERK2,89,0.2746
ERK2,90,0.474
ERK2,91,0.7202
ERK2,92,0.6176
ERK2,93,0.4674
ERK2,94,0.311
ERK2,95,0.4692
ERK2,96,0.637
ERK2,97,0.6122
ERK2,98,0.1438
ERK2,99,0.1629
ERK2,100,0.2559
ERK2,101,0.3699
ERK2,102,0.4433
ERK2,103,0.1498
ERK2,104,0.4594
ERK2,105,0.1
ERK2,106,0.4533
ERK2,107,0.3695
ERK2,108,0.3263
ERK2,109,0.1257
ERK2,110,0.6332
ERK2,111,0.6536
ERK2,112,0.1
ERK2,113,0.1
ERK2,114,0.6094
ERK2,115,0.4046
ERK2,116,0.3906
ERK2,117,0.6761
ERK2,118,0.7469
ERK2,119,0.4363
ERK2,120,0.6088
ERK2,121,0.5687
ERK2,122,0.4175
ERK2,123,0.4986
ERK2,124,0.4654
ERK2,125,0.5074
ERK2,126,0.4697
ERK2,127,0.655
ERK2,128,0.6171
ERK2,129,0.6048
ERK2,130,0.6987
ERK2,131,0.7002
ERK2,132,0.8299
ERK2,133,0.3856
ERK2,134,1.1003
ERK2,135,0.8234
ERK2,136,1.1428
ERK2,137,0.9383
ERK2,138,1.2558
ERK2,139,0.9266
ERK2,140,1.6733
ERK2,141,1.3735
ERK2,142,1.4662
ERK2,143,1.6575
ERK2,144,1.6359
ERK2,145,1.924
ERK2,146,2.031
ERK2,147,1.9822
ERK2,148,2.0924
ERK2,149,2.3859
ERK2,150,1.8909
ERK2,151,1.9608
ERK2,152,2.2802
ERK2,153,2.2895
ERK2,154,2.4756
ERK2,155,2.837
ERK2,156,2.6898
ERK2,157,2.7007
ERK2,158,3.0369
ERK2,159,3.0579
ERK2,160,3.0951
ERK2,161,2.8916
ERK2,162,2.8849
ERK2,163,3.1267
ERK2,164,2.2926
ERK2,165,2.8482
ERK2,166,2.9217
ERK2,167,2.547
ERK2,168,2.6678
ERK2,169,2.6197
ERK2,170,2.5653
ERK2,171,2.6881
ERK2,172,2.5045
ERK2,173,2.281
ERK2,174,2.1694
ERK2,175,2.1056
ERK2,176,2.0119
ERK2,177,1.8593
ERK2,178,1.4852
ERK2,179,1.5276
ERK2,180,1.3996
ERK2,181,1.3587
ERK2,182,1.4752
ERK2,183,1.5754
ERK2,184,1.2239
ERK2,185,1.658
ERK2,186,1.2104
ERK2,187,0.9373
ERK2,188,1.4311
ERK2,189,1.2898
ERK2,190,0.7568
ERK2,191,0.6468
ERK2,192,0.8496
ERK2,193,0.652
ERK2,194,0.3238
ERK2,195,0.8554
ERK2,196,0.3123
ERK2,197,0.6359
ERK2,198,0.4507
ERK2,199,0.482
ERK2,200,0.443
ERK2,201,0.51
ERK2,202,0.4359
ERK2,203,0.2409
ERK2,204,0.7043
ERK2,205,0.6224
ERK2,206,0.5172
ERK2,207,0.4333
ERK2,208,0.3401
ERK2,209,0.6948
ERK2,210,0.4297
ERK2,211,0.3324
ERK2,212,0.3403
ERK2,213,0.4158
ERK2,214,0.5245
ERK2,215,0.4358
ERK2,216,0.8909
ERK2,217,0.8145
ERK2,218,0.8403
ERK2,219,0.6832
ERK2,220,0.991
ERK2,221,0.8481
ERK2,222,0.8559
ERK2,223,0.9453
ERK2,224,0.8715
ERK2,225,0.7528
ERK2,226,0.7512
ERK2,227,0.84
ERK2,228,1.1348
ERK2,229,1.3397
ERK2,230,1.2666
ERK2,231,1.6389
ERK2,232,1.2718
ERK2,233,1.5105
ERK2,234,1.9129
ERK2,235,1.7305
ERK2,236,1.6118
ERK2,237,2.1853
ERK2,238,2.4265
ERK2,239,2.4495
ERK2,240,2.4966
ERK2,241,2.5943
ERK2,242,2.7454
ERK2,243,2.104
ERK2,244,2.534
ERK2,245,2.8172
ERK2,246,3.1152
ERK2,247,3.0204
ERK2,248,2.6336
ERK2,249,2.5763
ERK2,250,3.1175
ERK2,251,3.1483
ERK2,252,2.8679
ERK2,253,3.1164
ERK2,254,3.1496
ERK2,255,2.8857
ERK2,256,2.5837
ERK2,257,2.6734
ERK2,258,2.6637
ERK2,259,2.4373
ERK2,260,2.4153
ERK2,261,2.2528
ERK2,262,2.3024
ERK2,263,2.2338
ERK2,264,1.9514
ERK2,265,2.1555
ERK2,266,1.9292
ERK2,267,1.7277
ERK2,268,1.8141
ERK2,269,1.3753
ERK2,270,1.6236
ERK2,271,1.5478
ERK2,272,1.1933
ERK2,273,1.2997
ERK2,274,1.1208
ERK2,275,1.1092
ERK2,276,0.9615
ERK2,277,0.9401
ERK2,278,0.7602
ERK2,279,0.9394
ERK2,280,0.6177
ERK2,281,1.0332
ERK2,282,0.95
ERK2,283,0.5358
ERK2,284,0.1
ERK2,285,0.3845
ERK2,286,0.5528
ERK2,287,0.6012
ERK2,288,0.9442
ERK2,289,0.4444
ERK2,290,0.4751
ERK2,291,0.8536
ERK2,292,1.0029
ERK2,293,1.0031
ERK2,294,0.7349
ERK2,295,0.8666
ERK2,296,0.7938
ERK2,297,0.9146
ERK2,298,1.11
ERK2,299,0.6171
ERK2,300,1.2714
ERK2,301,1.608
ERK2,302,1.128
ERK2,303,1.0632
ERK2,304,1.2473
ERK2,305,1.5656
ERK2,306,1.8217
ERK2,307,2.1467
ERK2,308,1.8718
ERK2,309,1.9936
ERK2,310,2.3379
ERK2,311,2.3559
ERK2,312,2.5199
ERK2,313,1.9914
ERK2,314,2.2341
ERK2,315,2.5182
ERK2,316,2.667
ERK2,317,2.6193
ERK2,318,2.4288
ERK2,319,2.3309
ERK2,320,2.8991
ERK2,321,2.5264
ERK2,322,2.8151
ERK2,323,2.969
ERK2,324,2.8054
ERK2,325,3.0717
ERK2,326,2.7465
ERK2,327,2.504
ERK2,328,2.9484
ERK2,329,2.9667
ERK2,330,2.4411
ERK2,331,2.5196
ERK2,332,2.5079
ERK2,333,2.3118
ERK2,334,2.4007
ERK2,335,1.9696
ERK2,336,2.4546
ERK2,337,2.0416
ERK2,338,2.1436
ERK2,339,1.9006
ERK2,340,2.0233
ERK2,341,1.6274
ERK2,342,1.6966
ERK2,343,1.5411
ERK2,344,1.458
ERK2,345,1.3156
ERK2,346,1.3438
ERK2,347,1.01
ERK2,348,1.1588
ERK2,349,1.0601
ERK2,350,1.2549
ERK2,351,0.7745
ERK2,352,0.3746
ERK2,353,0.876
ERK2,354,0.8481
ERK2,355,0.8728
ERK2,356,0.7316
ERK2,357,0.596
ERK2,358,0.6716
ERK2,359,0.4919
ERK2,360,0.5944
ABL1,1,0.5147
ABL1,2,0.1069
ABL1,3,0.4747
ABL1,4,0.4651
ABL1,5,0.2895
ABL1,6,0.5263
ABL1,7,1.0107
ABL1,8,0.5303
ABL1,9,0.7446
ABL1,10,0.7945
ABL1,11,0.4961
ABL1,12,0.481
ABL1,13,0.7554
ABL1,14,0.8736
ABL1,15,0.8855
ABL1,16,0.8613
ABL1,17,1.2783
ABL1,18,0.9895
ABL1,19,1.0531
ABL1,20,1.1743
ABL1,21,1.2685
ABL1,22,1.1619
ABL1,23,1.7474
ABL1,24,1.6463
ABL1,25,1.807
ABL1,26,2.1035
ABL1,27,1.7037
ABL1,28,2.109
ABL1,29,2.1137
ABL1,30,2.2759
ABL1,31,2.1522
ABL1,32,2.4242
ABL1,33,2.5819
ABL1,34,2.5547
ABL1,35,2.5192
ABL1,36,2.5381
ABL1,37,2.6404
ABL1,38,2.6953
ABL1,39,2.9165
ABL1,40,2.9193
ABL1,41,2.9548
ABL1,42,3.1599
ABL1,43,2.8461
ABL1,44,2.827
ABL1,45,2.8309
ABL1,46,2.7628
ABL1,47,2.7508
ABL1,48,2.7035
ABL1,49,2.7949
ABL1,50,2.3635
ABL1,51,2.254
ABL1,52,2.1006
ABL1,53,2.2067
ABL1,54,1.8881
ABL1,55,2.0439
ABL1,56,1.76
ABL1,57,1.9906
ABL1,58,1.7232
ABL1,59,1.7532
ABL1,60,1.353
ABL1,61,1.4569
ABL1,62,1.5366
ABL1,63,1.253
ABL1,64,1.1341
ABL1,65,1.2521
ABL1,66,1.162
ABL1,67,0.9969
ABL1,68,0.8021
ABL1,69,0.9417
ABL1,70,0.5891
ABL1,71,0.6657
ABL1,72,0.6812
ABL1,73,0.9042
ABL1,74,0.538
ABL1,75,0.7625
ABL1,76,0.6158
ABL1,77,0.8741
ABL1,78,0.4039
ABL1,79,0.2286
ABL1,80,0.6403
ABL1,81,0.5549
ABL1,82,0.6244
ABL1,83,0.1
ABL1,84,0.4925
ABL1,85,0.1058
ABL1,86,0.2237
ABL1,87,0.6605
ABL1,88,0.4499
ABL1,89,0.5937
ABL1,90,0.6863
ABL1,91,0.7096
ABL1,92,0.5655
ABL1,93,0.3421
ABL1,94,0.5268
ABL1,95,0.7075
ABL1,96,0.9438
ABL1,97,0.6331
ABL1,98,1.2697
ABL1,99,0.798
ABL1,100,0.9385
ABL1,101,1.1401
ABL1,102,1.1188
ABL1,103,1.0283
ABL1,104,1.2523
ABL1,105,1.0691
ABL1,106,1.4193
ABL1,107,1.4197
ABL1,108,1.5382
ABL1,109,1.4298
ABL1,110,1.653
ABL1,111,2.011
ABL1,112,2.0607
ABL1,113,1.9764
ABL1,114,2.3465
ABL1,115,2.5704
ABL1,116,2.3013
ABL1,117,2.473
ABL1,118,2.662
ABL1,119,2.5813
ABL1,120,2.627
ABL1,121,2.9027
ABL1,122,2.853
ABL1,123,3.0132
ABL1,124,3.0254
ABL1,125,2.8572
ABL1,126,2.6278
ABL1,127,3.1349
ABL1,128,2.8172
ABL1,129,2.7418
ABL1,130,2.8066
ABL1,131,2.8322
ABL1,132,3.1007
ABL1,133,2.415
ABL1,134,2.5771
ABL1,135,2.3388
ABL1,136,2.1698
ABL1,137,2.0925
ABL1,138,1.8728
ABL1,139,2.1005
ABL1,140,1.9661
ABL1,141,1.992
ABL1,142,1.984
ABL1,143,1.6524
ABL1,144,1.8387
ABL1,145,1.9043
ABL1,146,1.559
ABL1,147,1.2978
ABL1,148,1.505
ABL1,149,1.0359
ABL1,150,0.8424
ABL1,151,0.9298
ABL1,152,1.087
ABL1,153,0.6165
ABL1,154,0.6995
ABL1,155,0.3639
ABL1,156,0.8407
ABL1,157,0.6407
ABL1,158,0.8192
ABL1,159,0.6979
ABL1,160,0.7626
ABL1,161,0.6063
ABL1,162,1.0687
ABL1,163,0.6003
ABL1,164,0.573
ABL1,165,0.5585
ABL1,166,0.8554
ABL1,167,1.0609
ABL1,168,0.6989
ABL1,169,1.0279
ABL1,170,0.6746
ABL1,171,1.1102
ABL1,172,0.757
ABL1,173,0.9311
ABL1,174,1.5303
ABL1,175,1.5405
ABL1,176,1.4495
ABL1,177,1.4626
ABL1,178,1.6213
ABL1,179,1.796
ABL1,180,1.8229
ABL1,181,2.2544
ABL1,182,2.0565
ABL1,183,2.1711
ABL1,184,2.3236
ABL1,185,2.2244
ABL1,186,2.343
ABL1,187,2.4067
ABL1,188,3.1486
ABL1,189,2.4955
ABL1,190,2.5007
ABL1,191,2.8762
ABL1,192,2.5702
ABL1,193,3.1343
ABL1,194,3.0623
ABL1,195,3.1207
ABL1,196,3.0023
ABL1,197,3.0695
ABL1,198,2.5046
ABL1,199,2.9351
ABL1,200,2.8007
ABL1,201,2.8444
ABL1,202,2.6941
ABL1,203,2.8148
ABL1,204,2.1546
ABL1,205,2.547
ABL1,206,2.6702
ABL1,207,2.2982
ABL1,208,2.0174
ABL1,209,2.2951
ABL1,210,2.0095
ABL1,211,1.8401
ABL1,212,1.8332
ABL1,213,1.5499
ABL1,214,1.4903
ABL1,215,1.6472
ABL1,216,1.6079
ABL1,217,1.181
ABL1,218,1.5274
ABL1,219,1.5707
ABL1,220,1.3644
ABL1,221,1.4142
ABL1,222,1.5323
ABL1,223,0.8768
ABL1,224,1.3182
ABL1,225,1.3753
ABL1,226,1.2386
ABL1,227,1.416
ABL1,228,1.5522
ABL1,229,1.2721
ABL1,230,1.2404
ABL1,231,1.3811
ABL1,232,1.7643
ABL1,233,1.8818
ABL1,234,1.866
ABL1,235,1.7892
ABL1,236,2.1586
ABL1,237,1.9316
ABL1,238,2.3448
ABL1,239,2.1779
ABL1,240,2.2635
ABL1,241,2.5122
ABL1,242,2.844
ABL1,243,2.5352
ABL1,244,2.3392
ABL1,245,2.6364
ABL1,246,2.7717
ABL1,247,2.9811
ABL1,248,2.9971
ABL1,249,2.916
ABL1,250,2.7161
ABL1,251,2.7854
ABL1,252,2.951
ABL1,253,3.1767
ABL1,254,3.0405
ABL1,255,2.8364
ABL1,256,2.6814
ABL1,257,2.6364
ABL1,258,2.5493
ABL1,259,2.5809
ABL1,260,2.6765
ABL1,261,2.5952
ABL1,262,2.3428
ABL1,263,1.9363
ABL1,264,2.4551
ABL1,265,2.0409
ABL1,266,1.7912
ABL1,267,1.8967
ABL1,268,2.0586
ABL1,269,1.9343
ABL1,270,1.6151
ABL1,271,1.4929
ABL1,272,1.354
ABL1,273,1.6193
ABL1,274,1.7257
ABL1,275,0.6741
ABL1,276,1.1631
ABL1,277,1.3095
ABL1,278,1.0037
ABL1,279,0.8082
ABL1,280,0.7617
PKA,1,0.5403
PKA,2,0.4646
PKA,3,0.5593
PKA,4,0.6859
PKA,5,0.312
PKA,6,0.3392
PKA,7,0.6702
PKA,8,0.4356
PKA,9,0.1492
PKA,10,0.3031
PKA,11,0.1654
PKA,12,0.4563
PKA,13,0.5289
PKA,14,0.4006
PKA,15,0.2044
PKA,16,0.4569
PKA,17,0.536
PKA,18,0.8148
PKA,19,0.7948
PKA,20,0.5852
PKA,21,0.7063
PKA,22,0.7273
PKA,23,0.7481
PKA,24,0.5017
PKA,25,0.8071
PKA,26,0.9382
PKA,27,1.062
PKA,28,1.0176
PKA,29,1.2918
PKA,30,0.9569
PKA,31,1.2959
PKA,32,1.6565
PKA,33,1.7037
PKA,34,1.6011
PKA,35,1.4846
PKA,36,2.0285
PKA,37,1.7751
PKA,38,1.5746
PKA,39,2.3659
PKA,40,2.0729
PKA,41,2.1231
PKA,42,2.4504
PKA,43,2.4173
PKA,44,2.461
PKA,45,2.4747
PKA,46,2.6894
PKA,47,2.9054
PKA,48,2.7652
PKA,49,2.9275
PKA,50,2.9275
PKA,51,2.8988
PKA,52,2.8462
PKA,53,3.0898
PKA,54,2.7746
PKA,55,2.5588
PKA,56,2.8846
PKA,57,2.5265
PKA,58,2.9737
PKA,59,2.4131
PKA,60,2.9757
PKA,61,2.7073
PKA,62,2.1469
PKA,63,2.5999
PKA,64,2.022
PKA,65,2.1159
PKA,66,1.7146
PKA,67,1.8652
PKA,68,1.9131
PKA,69,1.6191
PKA,70,1.8528
PKA,71,1.6683
PKA,72,1.6277
PKA,73,1.3943
PKA,74,1.1061
PKA,75,1.1428
PKA,76,1.1957
PKA,77,1.0456
PKA,78,1.2337
PKA,79,0.9848
PKA,80,0.8333
PKA,81,0.7651
PKA,82,0.9678
PKA,83,0.8242
PKA,84,0.7537
PKA,85,0.3268
PKA,86,0.6114
PKA,87,0.3999
PKA,88,0.7434
PKA,89,0.7411
PKA,90,0.5851
PKA,91,0.1284
PKA,92,0.6843
PKA,93,0.3638
PKA,94,0.7858
PKA,95,0.4896
PKA,96,0.3942
PKA,97,0.3763
PKA,98,0.4541
PKA,99,0.3312
PKA,100,0.4677
PKA,101,0.4231
PKA,102,0.4045
PKA,103,0.2386
PKA,104,0.2696
PKA,105,0.4003
PKA,106,0.1536
PKA,107,0.55
PKA,108,0.5174
PKA,109,0.3946
PKA,110,0.4687
PKA,111,0.5975
PKA,112,0.452
PKA,113,0.2905
PKA,114,0.5849
PKA,115,0.3335
PKA,116,0.2699
PKA,117,0.6365
PKA,118,0.3088
PKA,119,0.7682
PKA,120,0.6193
PKA,121,0.6866
PKA,122,0.6723
PKA,123,0.5475
PKA,124,0.7262
PKA,125,0.5289
PKA,126,0.6149
PKA,127,0.6831
PKA,128,0.6128
PKA,129,0.7543
PKA,130,0.8013
PKA,131,1.0553
PKA,132,1.1588
PKA,133,0.8222
PKA,134,1.3184
PKA,135,1.2885
PKA,136,1.2957
PKA,137,1.4857
PKA,138,1.578
PKA,139,1.6886
PKA,140,1.7765
PKA,141,1.7765
PKA,142,2.2278
PKA,143,2.0774
PKA,144,2.1067
PKA,145,2.145
PKA,146,2.3678
PKA,147,2.4577
PKA,148,2.5927
PKA,149,2.9229
PKA,150,2.4886
PKA,151,2.7208
PKA,152,2.5627
PKA,153,2.6603
PKA,154,2.9384
PKA,155,2.9209
PKA,156,2.6228
PKA,157,2.6633
PKA,158,2.9569
PKA,159,2.7492
PKA,160,2.6481
PKA,161,2.9851
PKA,162,3.0066
PKA,163,2.7147
PKA,164,2.8447
PKA,165,2.4337
PKA,166,2.7464
PKA,167,1.9402
PKA,168,2.3173
PKA,169,2.2694
PKA,170,2.1263
PKA,171,2.1252
PKA,172,2.1871
PKA,173,1.6912
PKA,174,1.4146
PKA,175,1.1426
PKA,176,1.6847
PKA,177,1.5134
PKA,178,1.5524
PKA,179,1.1719
PKA,180,1.0008
PKA,181,1.1354
PKA,182,0.8532
PKA,183,1.0876
PKA,184,0.8516
PKA,185,0.7271
PKA,186,0.7775
PKA,187,0.7743
PKA,188,0.4626
PKA,189,0.5648
PKA,190,0.2225
PKA,191,0.7477
PKA,192,0.5856
PKA,193,0.8568
PKA,194,0.2521
PKA,195,0.2041
PKA,196,0.5202
PKA,197,0.4938
PKA,198,0.6562
PKA,199,0.4127
PKA,200,0.4202
PKA,201,0.2431
PKA,202,0.5251
PKA,203,0.7016
PKA,204,0.7826
PKA,205,0.5486
PKA,206,0.545
PKA,207,0.5502
PKA,208,0.5899
PKA,209,0.436
PKA,210,0.8521
PKA,211,0.6806
PKA,212,0.6619
PKA,213,0.8851
PKA,214,0.5655
PKA,215,0.7139
PKA,216,1.0697
PKA,217,0.8705
PKA,218,0.6189
PKA,219,1.0213
PKA,220,1.2528
PKA,221,0.8725
PKA,222,1.1103
PKA,223,1.424
PKA,224,1.4321
PKA,225,1.8698
PKA,226,2.1679
PKA,227,1.6944
PKA,228,1.7204
PKA,229,2.16
PKA,230,2.3371
PKA,231,2.0595
PKA,232,2.1814
PKA,233,2.3958
PKA,234,2.5191
PKA,235,2.4447
PKA,236,2.4617
PKA,237,2.5616
PKA,238,2.785
PKA,239,2.6365
PKA,240,2.389
PKA,241,2.7228
PKA,242,2.8316
PKA,243,2.7678
PKA,244,2.9896
PKA,245,3.1922
PKA,246,2.7683
PKA,247,2.6959
PKA,248,2.862
PKA,249,2.553
PKA,250,2.4462
PKA,251,2.4258
PKA,252,2.7285
PKA,253,2.4301
PKA,254,2.5084
PKA,255,2.4977
PKA,256,1.9921
PKA,257,1.9956
PKA,258,1.898
PKA,259,1.7239
PKA,260,1.5366
PKA,261,1.6015
PKA,262,1.8354
PKA,263,1.9619
PKA,264,1.609
PKA,265,1.5019
PKA,266,1.4257
PKA,267,1.3738
PKA,268,0.8153
PKA,269,1.0524
PKA,270,0.842
PKA,271,0.946
PKA,272,0.7436
PKA,273,0.9502
PKA,274,0.6055
PKA,275,0.8195
PKA,276,0.7057
PKA,277,0.711
PKA,278,0.6918
PKA,279,0.5983
PKA,280,0.7833
PKA,281,0.8574
PKA,282,0.5775
PKA,283,0.5244
PKA,284,0.9361
PKA,285,0.7506
PKA,286,0.801
PKA,287,0.8972
PKA,288,1.0144
PKA,289,0.7889
PKA,290,1.2836
PKA,291,1.1187
PKA,292,1.1862
PKA,293,1.2298
PKA,294,1.2532
PKA,295,1.4059
PKA,296,1.2894
PKA,297,1.6064
PKA,298,1.8216
PKA,299,1.7295
PKA,300,1.9854
PKA,301,2.2011
PKA,302,1.9664
PKA,303,2.1155
PKA,304,2.3633
PKA,305,2.4451
PKA,306,2.4501
PKA,307,2.7053
PKA,308,2.7578
PKA,309,2.6987
PKA,310,2.6483
PKA,311,3.1327
PKA,312,2.9385
PKA,313,2.5209
PKA,314,3.0864
PKA,315,2.803
PKA,316,2.832
PKA,317,2.7828
PKA,318,3.4036
PKA,319,2.5808
PKA,320,2.7089
PKA,321,2.6023
PKA,322,2.7407
PKA,323,2.8506
PKA,324,2.4182
PKA,325,2.4593
PKA,326,2.0415
PKA,327,2.1278
PKA,328,2.0617
PKA,329,2.2527
PKA,330,1.8365
PKA,331,1.7269
PKA,332,1.5668
PKA,333,1.6835
PKA,334,1.4123
PKA,335,1.4538
PKA,336,1.1418
PKA,337,1.6416
PKA,338,1.3569
PKA,339,1.127
PKA,340,1.0179
PKA,341,1.1474
PKA,342,1.0144
PKA,343,0.8671
PKA,344,0.9998
PKA,345,1.0074
PKA,346,0.4936
PKA,347,0.5439
PKA,348,0.5624
PKA,349,0.8141
PKA,350,0.4213
JNK3,1,0.3052
JNK3,2,0.394
JNK3,3,0.5128
JNK3,4,0.4603
JNK3,5,0.179
JNK3,6,0.1518
JNK3,7,0.2739
JNK3,8,0.6773
JNK3,9,0.3645
JNK3,10,0.5377
JNK3,11,0.2137
JNK3,12,0.2343
JNK3,13,0.4379
JNK3,14,0.4136
JNK3,15,0.4065
JNK3,16,0.5593
JNK3,17,0.4198
JNK3,18,0.196
JNK3,19,0.5941
JNK3,20,0.5549
JNK3,21,0.6377
JNK3,22,0.6084
JNK3,23,0.6582
JNK3,24,0.4461
JNK3,25,0.1814
JNK3,26,0.4397
JNK3,27,0.7507
JNK3,28,0.6185
JNK3,29,1.0478
JNK3,30,0.5808
JNK3,31,0.7587
JNK3,32,0.6711
JNK3,33,0.9355
JNK3,34,0.7894
JNK3,35,1.2962
JNK3,36,1.2974
JNK3,37,1.5845
JNK3,38,1.335
JNK3,39,1.4687
JNK3,40,1.4825
JNK3,41,1.4325
JNK3,42,1.7347
JNK3,43,1.4496
JNK3,44,2.1718
JNK3,45,1.5572
JNK3,46,2.2024
JNK3,47,2.1666
JNK3,48,2.108
JNK3,49,2.2083
JNK3,50,2.3823
JNK3,51,2.4985
JNK3,52,2.3345
JNK3,53,2.6267
JNK3,54,2.7476
JNK3,55,2.4267
JNK3,56,2.5759
JNK3,57,3.121
JNK3,58,3.0335
JNK3,59,3.0421
JNK3,60,3.1397
JNK3,61,3.1582
JNK3,62,3.0377
JNK3,63,2.8368
JNK3,64,2.886
JNK3,65,3.1836
JNK3,66,2.9806
JNK3,67,2.8661
JNK3,68,2.6994
JNK3,69,2.6099
JNK3,70,2.3615
JNK3,71,2.1539
JNK3,72,1.8041
JNK3,73,1.8591
JNK3,74,2.1578
JNK3,75,1.7991
JNK3,76,1.743
JNK3,77,1.7649
JNK3,78,1.6747
JNK3,79,1.6003
JNK3,80,1.4074
JNK3,81,1.4022
JNK3,82,1.5602
JNK3,83,1.052
JNK3,84,0.9029
JNK3,85,1.0994
JNK3,86,0.6902
JNK3,87,0.6986
JNK3,88,0.9764
JNK3,89,0.9219
JNK3,90,0.724
JNK3,91,0.8596
JNK3,92,0.5351
JNK3,93,0.7826
JNK3,94,0.7527
JNK3,95,0.639
JNK3,96,0.219
JNK3,97,0.4869
JNK3,98,0.6294
JNK3,99,0.3981
JNK3,100,0.8398
JNK3,101,0.4628
JNK3,102,0.4384
JNK3,103,0.2924
JNK3,104,0.4399
JNK3,105,0.6562
JNK3,106,0.3387
JNK3,107,0.2872
JNK3,108,0.3376
JNK3,109,0.3844
JNK3,110,0.2749
JNK3,111,0.495
JNK3,112,0.5039
JNK3,113,0.4016
JNK3,114,0.7902
JNK3,115,0.2667
JNK3,116,0.4252
JNK3,117,0.5134
JNK3,118,0.3851
JNK3,119,0.494
JNK3,120,0.293
JNK3,121,0.3217
JNK3,122,0.7792
JNK3,123,0.5082
JNK3,124,0.1145
JNK3,125,0.7399
JNK3,126,0.4526
JNK3,127,0.5412
JNK3,128,0.2308
JNK3,129,0.1295
JNK3,130,0.7137
JNK3,131,0.4125
JNK3,132,0.3187
JNK3,133,0.4712
JNK3,134,0.694
JNK3,135,0.3094
JNK3,136,0.4918
JNK3,137,0.3973
JNK3,138,0.2709
JNK3,139,0.5759
JNK3,140,0.5236
JNK3,141,0.7108
JNK3,142,0.5952
JNK3,143,0.6516
JNK3,144,0.3941
JNK3,145,0.5395
JNK3,146,0.6519
JNK3,147,0.7783
JNK3,148,0.5365
JNK3,149,0.6977
JNK3,150,0.5473
JNK3,151,0.7398
JNK3,152,0.8167
JNK3,153,0.969
JNK3,154,0.779
JNK3,155,1.2457
JNK3,156,1.0525
JNK3,157,1.2411
JNK3,158,1.3424
JNK3,159,1.1492
JNK3,160,1.3417
JNK3,161,1.6135
JNK3,162,1.3261
JNK3,163,1.6081
JNK3,164,1.7124
JNK3,165,1.7233
JNK3,166,1.9397
JNK3,167,1.8091
JNK3,168,2.2207
JNK3,169,2.2696
JNK3,170,2.2747
JNK3,171,2.4132
JNK3,172,2.1111
JNK3,173,2.6391
JNK3,174,2.616
JNK3,175,2.6803
JNK3,176,2.7102
JNK3,177,3.0786
JNK3,178,2.8279
JNK3,179,2.8882
JNK3,180,2.9273
JNK3,181,2.9105
JNK3,182,3.0084
JNK3,183,2.4192
JNK3,184,2.6787
JNK3,185,2.6834
JNK3,186,2.4254
JNK3,187,2.6048
JNK3,188,2.4434
JNK3,189,2.3696
JNK3,190,2.3502
JNK3,191,2.1142
JNK3,192,2.0853
JNK3,193,2.0754
JNK3,194,2.3913
JNK3,195,1.6268
JNK3,196,2.0147
JNK3,197,1.6623
JNK3,198,2.0179
JNK3,199,1.773
JNK3,200,1.596
JNK3,201,1.4364
JNK3,202,1.4083
JNK3,203,1.1671
JNK3,204,1.1356
JNK3,205,1.19
JNK3,206,0.9433
JNK3,207,1.0629
JNK3,208,0.9119
JNK3,209,0.8338
JNK3,210,0.6427
JNK3,211,0.7564
JNK3,212,0.6701
JNK3,213,0.5303
JNK3,214,0.5214
JNK3,215,0.6932
JNK3,216,0.4788
JNK3,217,0.6717
JNK3,218,0.4695
JNK3,219,0.202
JNK3,220,0.5849
JNK3,221,0.4984
JNK3,222,0.2671
JNK3,223,0.399
JNK3,224,0.4532
JNK3,225,0.5502
JNK3,226,0.4508
JNK3,227,0.5729
JNK3,228,0.218
JNK3,229,0.3796
JNK3,230,0.6436
JNK3,231,0.6946
JNK3,232,0.18
JNK3,233,0.1581
JNK3,234,0.4332
JNK3,235,0.2511
JNK3,236,0.4993
JNK3,237,0.1479
JNK3,238,0.7591
JNK3,239,0.6132
JNK3,240,0.3533
JNK3,241,0.512
JNK3,242,0.7369
JNK3,243,0.5515
JNK3,244,0.5648
JNK3,245,0.6867
JNK3,246,0.8848
JNK3,247,0.6791
JNK3,248,0.5789
JNK3,249,0.556
JNK3,250,1.0773
JNK3,251,0.648
JNK3,252,0.7451
JNK3,253,0.6578
JNK3,254,0.6832
JNK3,255,0.8515
JNK3,256,1.1905
JNK3,257,1.2033
JNK3,258,1.6891
JNK3,259,1.1587
JNK3,260,1.5307
JNK3,261,1.8147
JNK3,262,1.512
JNK3,263,1.7999
JNK3,264,1.672
JNK3,265,2.0986
JNK3,266,2.2877
JNK3,267,1.8851
JNK3,268,2.5707
JNK3,269,2.4566
JNK3,270,2.0628
JNK3,271,2.5961
JNK3,272,2.7076
JNK3,273,2.6031
JNK3,274,2.371
JNK3,275,2.92
JNK3,276,2.8699
JNK3,277,2.831
JNK3,278,2.9267
JNK3,279,2.9052
JNK3,280,3.2284
JNK3,281,3.0546
JNK3,282,2.8398
JNK3,283,2.891
JNK3,284,2.7951
JNK3,285,2.3384
JNK3,286,2.4315
JNK3,287,2.719
JNK3,288,2.2942
JNK3,289,2.5909
JNK3,290,2.4451
JNK3,291,2.1413
JNK3,292,2.2319
JNK3,293,2.2279
JNK3,294,1.7788
JNK3,295,1.8628
JNK3,296,1.9409
JNK3,297,1.9251
JNK3,298,1.6314
JNK3,299,1.4021
JNK3,300,1.1858
JNK3,301,1.5893
JNK3,302,1.4965
JNK3,303,1.1099
JNK3,304,0.9338
JNK3,305,1.1585
JNK3,306,0.9466
JNK3,307,0.8292
JNK3,308,0.6794
JNK3,309,0.8767
JNK3,310,0.9507
JNK3,311,0.8881
JNK3,312,0.6453
JNK3,313,0.418
JNK3,314,0.7281
JNK3,315,0.5664
JNK3,316,0.7628
JNK3,317,0.4239
JNK3,318,0.6334
JNK3,319,0.7426
JNK3,320,0.3303
JNK3,321,0.6225
JNK3,322,0.3647
JNK3,323,0.6632
JNK3,324,1.0077
JNK3,325,0.8745
JNK3,326,0.8453
JNK3,327,0.6806
JNK3,328,0.6911
JNK3,329,0.7018
JNK3,330,0.8469
JNK3,331,1.133
JNK3,332,0.6885
JNK3,333,0.8093
JNK3,334,1.3053
JNK3,335,1.0351
JNK3,336,1.143
JNK3,337,1.6274
JNK3,338,1.1633
JNK3,339,1.413
JNK3,340,1.0167
JNK3,341,1.5299
JNK3,342,1.634
JNK3,343,1.5666
JNK3,344,1.8246
JNK3,345,1.7754
JNK3,346,2.0647
JNK3,347,2.071
JNK3,348,2.0501
JNK3,349,1.8399
JNK3,350,2.6596
JNK3,351,2.4375
JNK3,352,2.3713
JNK3,353,2.6916
JNK3,354,2.6609
JNK3,355,2.4789
JNK3,356,2.8544
JNK3,357,2.6637
JNK3,358,2.94
JNK3,359,2.6573
JNK3,360,2.828
JNK3,361,3.2969
JNK3,362,2.7617
JNK3,363,2.8256
JNK3,364,2.8294
JNK3,365,2.9044
JNK3,366,2.5094
JNK3,367,2.624
JNK3,368,2.3159
JNK3,369,2.4819
JNK3,370,2.5164
JNK3,371,2.3946
JNK3,372,2.2619
JNK3,373,2.1907
JNK3,374,1.8401
JNK3,375,1.9323
JNK3,376,2.2104
JNK3,377,1.7447
JNK3,378,1.7367
JNK3,379,1.5807
JNK3,380,1.3392
JNK3,381,1.2588
JNK3,382,1.2303
JNK3,383,1.3409
JNK3,384,0.8925
JNK3,385,0.9253
JNK3,386,0.9465
JNK3,387,0.6858
JNK3,388,0.89
JNK3,389,0.8345
JNK3,390,0.8706
JNK3,391,0.8014
JNK3,392,0.1
JNK3,393,0.9837
JNK3,394,0.4152
JNK3,395,0.7336
JNK3,396,0.5664
JNK3,397,0.34
JNK3,398,0.3701
JNK3,399,0.4263
JNK3,400,0.5039
