kinase,replicate,peptide_id,start_residue,end_residue,timepoint_s,deuterium_uptake
ERK2,1,1,303,310,10,0
ERK2,1,1,303,310,30,0.198
ERK2,1,1,303,310,60,0.513
ERK2,1,1,303,310,300,1.429
ERK2,1,1,303,310,1800,3.418
ERK2,1,2,281,287,10,0
ERK2,1,2,281,287,30,0.16
ERK2,1,2,281,287,60,0.255
ERK2,1,2,281,287,300,0.533
ERK2,1,2,281,287,1800,1.536
ERK2,1,3,82,90,10,0.075
ERK2,1,3,82,90,30,0.023
ERK2,1,3,82,90,60,0.155
ERK2,1,3,82,90,300,1.12
ERK2,1,3,82,90,1800,2.641
ERK2,1,4,61,69,10,0.025
ERK2,1,4,61,69,30,0.068
ERK2,1,4,61,69,60,0.119
ERK2,1,4,61,69,300,1.037
ERK2,1,4,61,69,1800,2.448
ERK2,1,5,16,23,10,0
ERK2,1,5,16,23,30,0.222
ERK2,1,5,16,23,60,0.425
ERK2,1,5,16,23,300,1.352
ERK2,1,5,16,23,1800,3.544
ERK2,1,6,305,311,10,0.003
ERK2,1,6,305,311,30,0.099
ERK2,1,6,305,311,60,0.077
ERK2,1,6,305,311,300,0.521
ERK2,1,6,305,311,1800,0.841
ERK2,1,7,184,192,10,0
ERK2,1,7,184,192,30,0.094
ERK2,1,7,184,192,60,0.402
ERK2,1,7,184,192,300,1.477
ERK2,1,7,184,192,1800,3.978
ERK2,1,8,284,289,10,0.084
ERK2,1,8,284,289,30,0.302
ERK2,1,8,284,289,60,0.321
ERK2,1,8,284,289,300,1.612
ERK2,1,8,284,289,1800,3.273
ERK2,1,9,237,244,10,0
ERK2,1,9,237,244,30,0.321
ERK2,1,9,237,244,60,0.068
ERK2,1,9,237,244,300,0.752
ERK2,1,9,237,244,1800,1.71
ERK2,1,10,71,79,10,0
ERK2,1,10,71,79,30,0
ERK2,1,10,71,79,60,0.056
ERK2,1,10,71,79,300,0.787
ERK2,1,10,71,79,1800,1.688
ERK2,1,11,331,340,10,0.15
ERK2,1,11,331,340,30,0.139
ERK2,1,11,331,340,60,0.058
ERK2,1,11,331,340,300,0.456
ERK2,1,11,331,340,1800,1.019
ERK2,1,12,309,317,10,0.09
ERK2,1,12,309,317,30,0
ERK2,1,12,309,317,60,0.118
ERK2,1,12,309,317,300,0.8
ERK2,1,12,309,317,1800,1.554
ERK2,1,13,136,143,10,0.152
ERK2,1,13,136,143,30,0.214
ERK2,1,13,136,143,60,0.101
ERK2,1,13,136,143,300,0.685
ERK2,1,13,136,143,1800,1.299
ERK2,1,14,164,172,10,0.076
ERK2,1,14,164,172,30,0.312
ERK2,1,14,164,172,60,0.482
ERK2,1,14,164,172,300,1.545
ERK2,1,14,164,172,1800,3.588
ERK2,1,15,188,196,10,0.058
ERK2,1,15,188,196,30,0.168
ERK2,1,15,188,196,60,0.36
ERK2,1,15,188,196,300,1.468
ERK2,1,15,188,196,1800,3.448
ERK2,1,16,176,184,10,0.161
ERK2,1,16,176,184,30,0.136
ERK2,1,16,176,184,60,0.172
ERK2,1,16,176,184,300,0.667
ERK2,1,16,176,184,1800,1.449
ERK2,1,17,241,247,10,0.162
ERK2,1,17,241,247,30,0.056
ERK2,1,17,241,247,60,0.397
ERK2,1,17,241,247,300,0.853
ERK2,1,17,241,247,1800,2.381
ERK2,1,18,249,258,10,0.085
ERK2,1,18,249,258,30,0.254
ERK2,1,18,249,258,60,0.233
ERK2,1,18,249,258,300,1.264
ERK2,1,18,249,258,1800,3.019
ERK2,1,19,232,238,10,0.053
ERK2,1,19,232,238,30,0.04
ERK2,1,19,232,238,60,0.199
ERK2,1,19,232,238,300,0.294
ERK2,1,19,232,238,1800,0.974
ERK2,1,20,4,12,10,0
ERK2,1,20,4,12,30,0.091
ERK2,1,20,4,12,60,0
ERK2,1,20,4,12,300,0.195
ERK2,1,20,4,12,1800,0.596
ERK2,1,21,31,36,10,0.013
ERK2,1,21,31,36,30,0.05
ERK2,1,21,31,36,60,0.141
ERK2,1,21,31,36,300,0.48
ERK2,1,21,31,36,1800,1.016
ERK2,1,22,337,342,10,0
ERK2,1,22,337,342,30,0
ERK2,1,22,337,342,60,0.241
ERK2,1,22,337,342,300,0.784
ERK2,1,22,337,342,1800,1.698
ERK2,1,23,226,231,10,0.082
ERK2,1,23,226,231,30,0.207
ERK2,1,23,226,231,60,0.183
ERK2,1,23,226,231,300,1.531
ERK2,1,23,226,231,1800,3.469
ERK2,1,24,3,11,10,0
ERK2,1,24,3,11,30,0
ERK2,1,24,3,11,60,0
ERK2,1,24,3,11,300,0.702
ERK2,1,24,3,11,1800,1.511
ERK2,1,25,160,169,10,0.033
ERK2,1,25,160,169,30,0.095
ERK2,1,25,160,169,60,0.21
ERK2,1,25,160,169,300,1.175
ERK2,1,25,160,169,1800,3.077
ERK2,1,26,285,294,10,0.008
ERK2,1,26,285,294,30,0.123
ERK2,1,26,285,294,60,0.057
ERK2,1,26,285,294,300,0.466
ERK2,1,26,285,294,1800,1.24
ERK2,1,27,242,247,10,0.008
ERK2,1,27,242,247,30,0
ERK2,1,27,242,247,60,0.237
ERK2,1,27,242,247,300,0.732
ERK2,1,27,242,247,1800,2.118
ERK2,1,28,160,169,10,0.102
ERK2,1,28,160,169,30,0.172
ERK2,1,28,160,169,60,0
ERK2,1,28,160,169,300,0.397
ERK2,1,28,160,169,1800,0.822
ERK2,1,29,24,30,10,0
ERK2,1,29,24,30,30,0.041
ERK2,1,29,24,30,60,0.193
ERK2,1,29,24,30,300,0.813
ERK2,1,29,24,30,1800,1.73
ERK2,1,30,185,193,10,0.042
ERK2,1,30,185,193,30,0.091
ERK2,1,30,185,193,60,0
ERK2,1,30,185,193,300,0.483
ERK2,1,30,185,193,1800,1.639
ERK2,2,1,216,225,10,0.192
ERK2,2,1,216,225,30,0
ERK2,2,1,216,225,60,0
ERK2,2,1,216,225,300,0.357
ERK2,2,1,216,225,1800,0.579
ERK2,2,2,113,120,10,0.11
ERK2,2,2,113,120,30,0.306
ERK2,2,2,113,120,60,0.337
ERK2,2,2,113,120,300,1.348
ERK2,2,2,113,120,1800,3.785
ERK2,2,3,163,169,10,0.25
ERK2,2,3,163,169,30,0.074
ERK2,2,3,163,169,60,0.276
ERK2,2,3,163,169,300,0.783
ERK2,2,3,163,169,1800,2.037
ERK2,2,4,170,177,10,0
ERK2,2,4,170,177,30,0.127
ERK2,2,4,170,177,60,0
ERK2,2,4,170,177,300,0.252
ERK2,2,4,170,177,1800,0.581
ERK2,2,5,230,239,10,0.254
ERK2,2,5,230,239,30,0.213
ERK2,2,5,230,239,60,0.245
ERK2,2,5,230,239,300,0.834
ERK2,2,5,230,239,1800,1.749
ERK2,2,6,18,27,10,0.056
ERK2,2,6,18,27,30,0.28
ERK2,2,6,18,27,60,0.353
ERK2,2,6,18,27,300,1.807
ERK2,2,6,18,27,1800,4.073
ERK2,2,7,159,164,10,0
ERK2,2,7,159,164,30,0.031
ERK2,2,7,159,164,60,0.335
ERK2,2,7,159,164,300,1.27
ERK2,2,7,159,164,1800,3.147
ERK2,2,8,199,204,10,0.15
ERK2,2,8,199,204,30,0.12
ERK2,2,8,199,204,60,0.225
ERK2,2,8,199,204,300,1.196
ERK2,2,8,199,204,1800,2.613
ERK2,2,9,228,236,10,0
ERK2,2,9,228,236,30,0
ERK2,2,9,228,236,60,0.225
ERK2,2,9,228,236,300,0.305
ERK2,2,9,228,236,1800,0.63
ERK2,2,10,138,143,10,0.106
ERK2,2,10,138,143,30,0.369
ERK2,2,10,138,143,60,0.305
ERK2,2,10,138,143,300,1.239
ERK2,2,10,138,143,1800,3.015
ERK2,2,11,161,170,10,0.046
ERK2,2,11,161,170,30,0.091
ERK2,2,11,161,170,60,0.291
ERK2,2,11,161,170,300,0.629
ERK2,2,11,161,170,1800,1.823
ERK2,2,12,164,169,10,0
ERK2,2,12,164,169,30,0.241
ERK2,2,12,164,169,60,0.001
ERK2,2,12,164,169,300,0.804
ERK2,2,12,164,169,1800,1.706
ERK2,2,13,336,345,10,0
ERK2,2,13,336,345,30,0
ERK2,2,13,336,345,60,0.226
ERK2,2,13,336,345,300,0.622
ERK2,2,13,336,345,1800,1.574
ERK2,2,14,227,233,10,0.032
ERK2,2,14,227,233,30,0.066
ERK2,2,14,227,233,60,0.398
ERK2,2,14,227,233,300,1.668
ERK2,2,14,227,233,1800,3.619
ERK2,2,15,303,310,10,0.178
ERK2,2,15,303,310,30,0.073
ERK2,2,15,303,310,60,0.308
ERK2,2,15,303,310,300,1.183
ERK2,2,15,303,310,1800,3.004
ERK2,2,16,347,356,10,0.014
ERK2,2,16,347,356,30,0.013
ERK2,2,16,347,356,60,0.281
ERK2,2,16,347,356,300,0.599
ERK2,2,16,347,356,1800,1.501
ERK2,2,17,61,66,10,0.044
ERK2,2,17,61,66,30,0.096
ERK2,2,17,61,66,60,0.16
ERK2,2,17,61,66,300,0.663
ERK2,2,17,61,66,1800,1.325
ERK2,2,18,146,151,10,0
ERK2,2,18,146,151,30,0
ERK2,2,18,146,151,60,0.206
ERK2,2,18,146,151,300,0.369
ERK2,2,18,146,151,1800,0.788
ERK2,2,19,335,342,10,0.02
ERK2,2,19,335,342,30,0.155
ERK2,2,19,335,342,60,0.294
ERK2,2,19,335,342,300,1.557
ERK2,2,19,335,342,1800,3.822
ERK2,2,20,291,298,10,0
ERK2,2,20,291,298,30,0.028
ERK2,2,20,291,298,60,0.133
ERK2,2,20,291,298,300,0.667
ERK2,2,20,291,298,1800,1.126
ERK2,2,21,292,301,10,0.138
ERK2,2,21,292,301,30,0.043
ERK2,2,21,292,301,60,0.257
ERK2,2,21,292,301,300,0.14
ERK2,2,21,292,301,1800,0.487
ERK2,2,22,199,207,10,0.028
ERK2,2,22,199,207,30,0.266
ERK2,2,22,199,207,60,0.272
ERK2,2,22,199,207,300,0.954
ERK2,2,22,199,207,1800,2.404
ERK2,2,23,137,143,10,0.197
ERK2,2,23,137,143,30,0.124
ERK2,2,23,137,143,60,0.246
ERK2,2,23,137,143,300,1.289
ERK2,2,23,137,143,1800,2.975
ERK2,2,24,192,198,10,0
ERK2,2,24,192,198,30,0
ERK2,2,24,192,198,60,0.125
ERK2,2,24,192,198,300,0.24
ERK2,2,24,192,198,1800,0.36
ERK2,2,25,172,179,10,0.058
ERK2,2,25,172,179,30,0.104
ERK2,2,25,172,179,60,0.167
ERK2,2,25,172,179,300,0.217
ERK2,2,25,172,179,1800,0.592
ERK2,2,26,67,75,10,0.012
ERK2,2,26,67,75,30,0.158
ERK2,2,26,67,75,60,0.194
ERK2,2,26,67,75,300,0.5
ERK2,2,26,67,75,1800,1.206
ERK2,2,27,96,105,10,0.159
ERK2,2,27,96,105,30,0.304
ERK2,2,27,96,105,60,0.245
ERK2,2,27,96,105,300,1.486
ERK2,2,27,96,105,1800,3.293
ERK2,2,28,17,26,10,0.08
ERK2,2,28,17,26,30,0.115
ERK2,2,28,17,26,60,0
ERK2,2,28,17,26,300,0.218
ERK2,2,28,17,26,1800,0.542
ERK2,2,29,3,12,10,0
ERK2,2,29,3,12,30,0.172
ERK2,2,29,3,12,60,0.467
ERK2,2,29,3,12,300,1.09
ERK2,2,29,3,12,1800,2.661
ERK2,2,30,228,234,10,0.127
ERK2,2,30,228,234,30,0.171
ERK2,2,30,228,234,60,0.342
ERK2,2,30,228,234,300,1.519
ERK2,2,30,228,234,1800,3.44
ERK2,3,1,234,241,10,0.186
ERK2,3,1,234,241,30,0.168
ERK2,3,1,234,241,60,0.444
ERK2,3,1,234,241,300,1.371
ERK2,3,1,234,241,1800,3.466
ERK2,3,2,45,51,10,0
ERK2,3,2,45,51,30,0.053
ERK2,3,2,45,51,60,0.215
ERK2,3,2,45,51,300,1.146
ERK2,3,2,45,51,1800,2.757
ERK2,3,3,124,132,10,0.185
ERK2,3,3,124,132,30,0.035
ERK2,3,3,124,132,60,0.344
ERK2,3,3,124,132,300,1.216
ERK2,3,3,124,132,1800,2.943
ERK2,3,4,40,47,10,0.127
ERK2,3,4,40,47,30,0.093
ERK2,3,4,40,47,60,0.229
ERK2,3,4,40,47,300,0.92
ERK2,3,4,40,47,1800,2.228
ERK2,3,5,228,233,10,0
ERK2,3,5,228,233,30,0.091
ERK2,3,5,228,233,60,0.054
ERK2,3,5,228,233,300,0.216
ERK2,3,5,228,233,1800,0.865
ERK2,3,6,87,92,10,0.147
ERK2,3,6,87,92,30,0.036
ERK2,3,6,87,92,60,0.202
ERK2,3,6,87,92,300,1.414
ERK2,3,6,87,92,1800,3.024
ERK2,3,7,269,274,10,0.178
ERK2,3,7,269,274,30,0.04
ERK2,3,7,269,274,60,0.196
ERK2,3,7,269,274,300,0.9
ERK2,3,7,269,274,1800,2.303
ERK2,3,8,258,266,10,0.092
ERK2,3,8,258,266,30,0
ERK2,3,8,258,266,60,0.219
ERK2,3,8,258,266,300,0.646
ERK2,3,8,258,266,1800,1.344
ERK2,3,9,161,170,10,0.016
ERK2,3,9,161,170,30,0.066
ERK2,3,9,161,170,60,0.32
ERK2,3,9,161,170,300,1.334
ERK2,3,9,161,170,1800,3.296
ERK2,3,10,26,33,10,0.059
ERK2,3,10,26,33,30,0.034
ERK2,3,10,26,33,60,0.419
ERK2,3,10,26,33,300,1.578
ERK2,3,10,26,33,1800,3.773
ERK2,3,11,35,44,10,0.028
ERK2,3,11,35,44,30,0.179
ERK2,3,11,35,44,60,0.516
ERK2,3,11,35,44,300,1.676
ERK2,3,11,35,44,1800,4.252
ERK2,3,12,170,177,10,0.171
ERK2,3,12,170,177,30,0.013
ERK2,3,12,170,177,60,0.103
ERK2,3,12,170,177,300,1.664
ERK2,3,12,170,177,1800,3.89
ERK2,3,13,245,251,10,0.039
ERK2,3,13,245,251,30,0.087
ERK2,3,13,245,251,60,0.034
ERK2,3,13,245,251,300,0.249
ERK2,3,13,245,251,1800,0.729
ERK2,3,14,70,76,10,0
ERK2,3,14,70,76,30,0.105
ERK2,3,14,70,76,60,0.113
ERK2,3,14,70,76,300,0.435
ERK2,3,14,70,76,1800,0.688
ERK2,3,15,68,77,10,0.305
ERK2,3,15,68,77,30,0.279
ERK2,3,15,68,77,60,0.459
ERK2,3,15,68,77,300,1.338
ERK2,3,15,68,77,1800,3.279
ERK2,3,16,345,351,10,0
ERK2,3,16,345,351,30,0.163
ERK2,3,16,345,351,60,0.276
ERK2,3,16,345,351,300,1.17
ERK2,3,16,345,351,1800,3.064
ERK2,3,17,142,148,10,0.131
ERK2,3,17,142,148,30,0.184
ERK2,3,17,142,148,60,0
ERK2,3,17,142,148,300,0.544
ERK2,3,17,142,148,1800,1.45
ERK2,3,18,125,132,10,0.202
ERK2,3,18,125,132,30,0.332
ERK2,3,18,125,132,60,0.365
ERK2,3,18,125,132,300,1.357
ERK2,3,18,125,132,1800,3.236
ERK2,3,19,172,177,10,0.029
ERK2,3,19,172,177,30,0.108
ERK2,3,19,172,177,60,0.237
ERK2,3,19,172,177,300,0.834
ERK2,3,19,172,177,1800,1.994
ERK2,3,20,226,234,10,0
ERK2,3,20,226,234,30,0.008
ERK2,3,20,226,234,60,0.302
ERK2,3,20,226,234,300,0.865
ERK2,3,20,226,234,1800,2.176
ERK2,3,21,37,42,10,0.095
ERK2,3,21,37,42,30,0.149
ERK2,3,21,37,42,60,0.22
ERK2,3,21,37,42,300,1.056
ERK2,3,21,37,42,1800,2.991
ERK2,3,22,153,161,10,0.06
ERK2,3,22,153,161,30,0.426
ERK2,3,22,153,161,60,0.438
ERK2,3,22,153,161,300,1.341
ERK2,3,22,153,161,1800,3.64
ERK2,3,23,112,117,10,0.145
ERK2,3,23,112,117,30,0.222
ERK2,3,23,112,117,60,0.529
ERK2,3,23,112,117,300,1.656
ERK2,3,23,112,117,1800,4.041
ERK2,3,24,201,207,10,0.156
ERK2,3,24,201,207,30,0.23
ERK2,3,24,201,207,60,0.203
ERK2,3,24,201,207,300,0.531
ERK2,3,24,201,207,1800,1.009
ERK2,3,25,8,17,10,0
ERK2,3,25,8,17,30,0.151
ERK2,3,25,8,17,60,0.171
ERK2,3,25,8,17,300,0.264
ERK2,3,25,8,17,1800,0.786
ERK2,3,26,21,29,10,0.005
ERK2,3,26,21,29,30,0.025
ERK2,3,26,21,29,60,0.172
ERK2,3,26,21,29,300,0.402
ERK2,3,26,21,29,1800,1.287
ERK2,3,27,186,193,10,0
ERK2,3,27,186,193,30,0
ERK2,3,27,186,193,60,0.088
ERK2,3,27,186,193,300,0.209
ERK2,3,27,186,193,1800,0.957
ERK2,3,28,201,207,10,0.112
ERK2,3,28,201,207,30,0.107
ERK2,3,28,201,207,60,0.269
ERK2,3,28,201,207,300,1.291
ERK2,3,28,201,207,1800,3.181
ERK2,3,29,5,12,10,0
ERK2,3,29,5,12,30,0.227
ERK2,3,29,5,12,60,0.336
ERK2,3,29,5,12,300,1.26
ERK2,3,29,5,12,1800,3.072
ERK2,3,30,61,66,10,0.183
ERK2,3,30,61,66,30,0.124
ERK2,3,30,61,66,60,0.216
ERK2,3,30,61,66,300,0.616
ERK2,3,30,61,66,1800,1.627
ERK2,4,1,176,185,10,0.048
ERK2,4,1,176,185,30,0.217
ERK2,4,1,176,185,60,0.228
ERK2,4,1,176,185,300,1.115
ERK2,4,1,176,185,1800,2.955
ERK2,4,2,274,282,10,0
ERK2,4,2,274,282,30,0.083
ERK2,4,2,274,282,60,0.324
ERK2,4,2,274,282,300,1.805
ERK2,4,2,274,282,1800,4.163
ERK2,4,3,209,215,10,0.016
ERK2,4,3,209,215,30,0
ERK2,4,3,209,215,60,0.256
ERK2,4,3,209,215,300,1.061
ERK2,4,3,209,215,1800,2.817
ERK2,4,4,113,119,10,0.003
ERK2,4,4,113,119,30,0.204
ERK2,4,4,113,119,60,0.064
ERK2,4,4,113,119,300,1.03
ERK2,4,4,113,119,1800,2.351
ERK2,4,5,145,153,10,0.11
ERK2,4,5,145,153,30,0.302
ERK2,4,5,145,153,60,0.534
ERK2,4,5,145,153,300,1.773
ERK2,4,5,145,153,1800,4.19
ERK2,4,6,104,109,10,0.139
ERK2,4,6,104,109,30,0.185
ERK2,4,6,104,109,60,0.396
ERK2,4,6,104,109,300,1.568
ERK2,4,6,104,109,1800,3.382
ERK2,4,7,271,279,10,0
ERK2,4,7,271,279,30,0.217
ERK2,4,7,271,279,60,0.125
ERK2,4,7,271,279,300,0.917
ERK2,4,7,271,279,1800,1.986
ERK2,4,8,289,296,10,0
ERK2,4,8,289,296,30,0.151
ERK2,4,8,289,296,60,0.141
ERK2,4,8,289,296,300,0.945
ERK2,4,8,289,296,1800,2.218
ERK2,4,9,138,145,10,0.023
ERK2,4,9,138,145,30,0.266
ERK2,4,9,138,145,60,0.33
ERK2,4,9,138,145,300,1.769
ERK2,4,9,138,145,1800,4.137
ERK2,4,10,305,314,10,0
ERK2,4,10,305,314,30,0.136
ERK2,4,10,305,314,60,0.094
ERK2,4,10,305,314,300,0.842
ERK2,4,10,305,314,1800,1.899
ERK2,4,11,91,98,10,0.18
ERK2,4,11,91,98,30,0.102
ERK2,4,11,91,98,60,0.246
ERK2,4,11,91,98,300,0.651
ERK2,4,11,91,98,1800,1.634
ERK2,4,12,157,166,10,0
ERK2,4,12,157,166,30,0
ERK2,4,12,157,166,60,0.223
ERK2,4,12,157,166,300,0.262
ERK2,4,12,157,166,1800,0.758
ERK2,4,13,191,200,10,0
ERK2,4,13,191,200,30,0.202
ERK2,4,13,191,200,60,0.364
ERK2,4,13,191,200,300,0.944
ERK2,4,13,191,200,1800,2.126
ERK2,4,14,142,148,10,0.041
ERK2,4,14,142,148,30,0.094
ERK2,4,14,142,148,60,0.007
ERK2,4,14,142,148,300,0.62
ERK2,4,14,142,148,1800,1.429
ERK2,4,15,63,70,10,0
ERK2,4,15,63,70,30,0
ERK2,4,15,63,70,60,0.004
ERK2,4,15,63,70,300,0.261
ERK2,4,15,63,70,1800,0.691
ERK2,4,16,213,218,10,0
ERK2,4,16,213,218,30,0.048
ERK2,4,16,213,218,60,0.241
ERK2,4,16,213,218,300,0.664
ERK2,4,16,213,218,1800,1.586
ERK2,4,17,291,299,10,0.032
ERK2,4,17,291,299,30,0
ERK2,4,17,291,299,60,0.278
ERK2,4,17,291,299,300,0.506
ERK2,4,17,291,299,1800,1.434
ERK2,4,18,63,71,10,0.084
ERK2,4,18,63,71,30,0.306
ERK2,4,18,63,71,60,0.203
ERK2,4,18,63,71,300,1.708
ERK2,4,18,63,71,1800,4.088
ERK2,4,19,189,198,10,0.148
ERK2,4,19,189,198,30,0.047
ERK2,4,19,189,198,60,0.189
ERK2,4,19,189,198,300,0.962
ERK2,4,19,189,198,1800,2.231
ERK2,4,20,91,99,10,0
ERK2,4,20,91,99,30,0.087
ERK2,4,20,91,99,60,0.382
ERK2,4,20,91,99,300,1.58
ERK2,4,20,91,99,1800,4.005
ERK2,4,21,348,356,10,0
ERK2,4,21,348,356,30,0.036
ERK2,4,21,348,356,60,0.141
ERK2,4,21,348,356,300,0.397
ERK2,4,21,348,356,1800,0.669
ERK2,4,22,271,279,10,0.04
ERK2,4,22,271,279,30,0.311
ERK2,4,22,271,279,60,0.22
ERK2,4,22,271,279,300,1.469
ERK2,4,22,271,279,1800,3.61
ERK2,4,23,232,238,10,0
ERK2,4,23,232,238,30,0.189
ERK2,4,23,232,238,60,0.31
ERK2,4,23,232,238,300,1.209
ERK2,4,23,232,238,1800,2.838
ERK2,4,24,331,336,10,0.211
ERK2,4,24,331,336,30,0.14
ERK2,4,24,331,336,60,0.331
ERK2,4,24,331,336,300,1.714
ERK2,4,24,331,336,1800,4.079
ERK2,4,25,275,280,10,0.092
ERK2,4,25,275,280,30,0
ERK2,4,25,275,280,60,0
ERK2,4,25,275,280,300,0.201
ERK2,4,25,275,280,1800,0.788
ERK2,4,26,248,254,10,0.108
ERK2,4,26,248,254,30,0.226
ERK2,4,26,248,254,60,0.351
ERK2,4,26,248,254,300,1.156
ERK2,4,26,248,254,1800,3.292
ERK2,4,27,100,105,10,0
ERK2,4,27,100,105,30,0.064
ERK2,4,27,100,105,60,0.051
ERK2,4,27,100,105,300,0.787
ERK2,4,27,100,105,1800,2.101
ERK2,4,28,204,213,10,0
ERK2,4,28,204,213,30,0.141
ERK2,4,28,204,213,60,0.245
ERK2,4,28,204,213,300,1.479
ERK2,4,28,204,213,1800,3.562
ERK2,4,29,63,69,10,0
ERK2,4,29,63,69,30,0.228
ERK2,4,29,63,69,60,0.093
ERK2,4,29,63,69,300,0.78
ERK2,4,29,63,69,1800,1.932
ERK2,4,30,331,337,10,0.033
ERK2,4,30,331,337,30,0.058
ERK2,4,30,331,337,60,0.182
ERK2,4,30,331,337,300,1.104
ERK2,4,30,331,337,1800,2.715
ABL1,1,1,192,201,10,0.147
ABL1,1,1,192,201,30,0.002
ABL1,1,1,192,201,60,0.198
ABL1,1,1,192,201,300,0.822
ABL1,1,1,192,201,1800,1.884
ABL1,1,2,227,233,10,0.179
ABL1,1,2,227,233,30,0.205
ABL1,1,2,227,233,60,0.427
ABL1,1,2,227,233,300,1.293
ABL1,1,2,227,233,1800,3.13
ABL1,1,3,187,195,10,0.136
ABL1,1,3,187,195,30,0.005
ABL1,1,3,187,195,60,0.327
ABL1,1,3,187,195,300,1.377
ABL1,1,3,187,195,1800,3.174
ABL1,1,4,45,54,10,0.108
ABL1,1,4,45,54,30,0.191
ABL1,1,4,45,54,60,0.203
ABL1,1,4,45,54,300,0.853
ABL1,1,4,45,54,1800,1.736
ABL1,1,5,236,241,10,0
ABL1,1,5,236,241,30,0.199
ABL1,1,5,236,241,60,0.407
ABL1,1,5,236,241,300,0.959
ABL1,1,5,236,241,1800,2.485
ABL1,1,6,103,111,10,0
ABL1,1,6,103,111,30,0.083
ABL1,1,6,103,111,60,0.067
ABL1,1,6,103,111,300,0.183
ABL1,1,6,103,111,1800,0.678
ABL1,1,7,114,123,10,0.01
ABL1,1,7,114,123,30,0.11
ABL1,1,7,114,123,60,0.473
ABL1,1,7,114,123,300,1.369
ABL1,1,7,114,123,1800,2.955
ABL1,1,8,223,230,10,0
ABL1,1,8,223,230,30,0.123
ABL1,1,8,223,230,60,0.352
ABL1,1,8,223,230,300,1.071
ABL1,1,8,223,230,1800,2.608
ABL1,1,9,135,141,10,0.274
ABL1,1,9,135,141,30,0.02
ABL1,1,9,135,141,60,0.385
ABL1,1,9,135,141,300,0.393
ABL1,1,9,135,141,1800,1.064
ABL1,1,10,261,266,10,0.096
ABL1,1,10,261,266,30,0.15
ABL1,1,10,261,266,60,0.206
ABL1,1,10,261,266,300,1.288
ABL1,1,10,261,266,1800,2.886
ABL1,1,11,79,85,10,0.119
ABL1,1,11,79,85,30,0.033
ABL1,1,11,79,85,60,0
ABL1,1,11,79,85,300,0.607
ABL1,1,11,79,85,1800,0.921
ABL1,1,12,109,116,10,0
ABL1,1,12,109,116,30,0.213
ABL1,1,12,109,116,60,0.254
ABL1,1,12,109,116,300,1.37
ABL1,1,12,109,116,1800,2.862
ABL1,1,13,246,252,10,0
ABL1,1,13,246,252,30,0
ABL1,1,13,246,252,60,0.052
ABL1,1,13,246,252,300,0.452
ABL1,1,13,246,252,1800,0.682
ABL1,1,14,121,126,10,0.043
ABL1,1,14,121,126,30,0.041
ABL1,1,14,121,126,60,0.413
ABL1,1,14,121,126,300,1.124
ABL1,1,14,121,126,1800,2.267
ABL1,1,15,166,172,10,0
ABL1,1,15,166,172,30,0
ABL1,1,15,166,172,60,0
ABL1,1,15,166,172,300,0.285
ABL1,1,15,166,172,1800,0.691
ABL1,1,16,205,211,10,0.108
ABL1,1,16,205,211,30,0.108
ABL1,1,16,205,211,60,0.121
ABL1,1,16,205,211,300,1.03
ABL1,1,16,205,211,1800,2.702
ABL1,1,17,142,150,10,0
ABL1,1,17,142,150,30,0.151
ABL1,1,17,142,150,60,0.136
ABL1,1,17,142,150,300,0.044
ABL1,1,17,142,150,1800,0.595
ABL1,1,18,220,227,10,0
ABL1,1,18,220,227,30,0
ABL1,1,18,220,227,60,0
ABL1,1,18,220,227,300,0.252
ABL1,1,18,220,227,1800,0.837
ABL1,1,19,9,18,10,0.204
ABL1,1,19,9,18,30,0.293
ABL1,1,19,9,18,60,0.345
ABL1,1,19,9,18,300,1.628
ABL1,1,19,9,18,1800,3.968
ABL1,1,20,184,190,10,0.126
ABL1,1,20,184,190,30,0.096
ABL1,1,20,184,190,60,0
ABL1,1,20,184,190,300,0.352
ABL1,1,20,184,190,1800,0.711
ABL1,1,21,82,87,10,0.091
ABL1,1,21,82,87,30,0
ABL1,1,21,82,87,60,0.171
ABL1,1,21,82,87,300,0.42
ABL1,1,21,82,87,1800,0.768
ABL1,1,22,104,113,10,0.056
ABL1,1,22,104,113,30,0.026
ABL1,1,22,104,113,60,0
ABL1,1,22,104,113,300,0.499
ABL1,1,22,104,113,1800,1.325
ABL1,1,23,233,241,10,0.12
ABL1,1,23,233,241,30,0
ABL1,1,23,233,241,60,0.156
ABL1,1,23,233,241,300,0.301
ABL1,1,23,233,241,1800,0.67
ABL1,1,24,95,101,10,0
ABL1,1,24,95,101,30,0
ABL1,1,24,95,101,60,0.323
ABL1,1,24,95,101,300,0.798
ABL1,1,24,95,101,1800,2.162
ABL1,1,25,244,253,10,0.047
ABL1,1,25,244,253,30,0.248
ABL1,1,25,244,253,60,0.244
ABL1,1,25,244,253,300,0.995
ABL1,1,25,244,253,1800,1.873
ABL1,1,26,159,165,10,0
ABL1,1,26,159,165,30,0.191
ABL1,1,26,159,165,60,0.185
ABL1,1,26,159,165,300,0.347
ABL1,1,26,159,165,1800,0.97
ABL1,1,27,263,272,10,0.072
ABL1,1,27,263,272,30,0.196
ABL1,1,27,263,272,60,0.339
ABL1,1,27,263,272,300,1.214
ABL1,1,27,263,272,1800,3.07
ABL1,1,28,179,187,10,0.143
ABL1,1,28,179,187,30,0.171
ABL1,1,28,179,187,60,0.436
ABL1,1,28,179,187,300,1.354
ABL1,1,28,179,187,1800,3.406
ABL1,1,29,146,154,10,0.061
ABL1,1,29,146,154,30,0.043
ABL1,1,29,146,154,60,0.16
ABL1,1,29,146,154,300,0.185
ABL1,1,29,146,154,1800,0.458
ABL1,1,30,223,231,10,0.152
ABL1,1,30,223,231,30,0
ABL1,1,30,223,231,60,0.141
ABL1,1,30,223,231,300,1.012
ABL1,1,30,223,231,1800,1.903
ABL1,2,1,46,54,10,0
ABL1,2,1,46,54,30,0.244
ABL1,2,1,46,54,60,0.349
ABL1,2,1,46,54,300,1.457
ABL1,2,1,46,54,1800,3.594
ABL1,2,2,209,215,10,0.011
ABL1,2,2,209,215,30,0.058
ABL1,2,2,209,215,60,0.075
ABL1,2,2,209,215,300,0.912
ABL1,2,2,209,215,1800,1.855
ABL1,2,3,140,149,10,0.08
ABL1,2,3,140,149,30,0.211
ABL1,2,3,140,149,60,0.392
ABL1,2,3,140,149,300,0.967
ABL1,2,3,140,149,1800,2.01
ABL1,2,4,195,201,10,0
ABL1,2,4,195,201,30,0.179
ABL1,2,4,195,201,60,0.199
ABL1,2,4,195,201,300,0.69
ABL1,2,4,195,201,1800,1.698
ABL1,2,5,189,196,10,0
ABL1,2,5,189,196,30,0.026
ABL1,2,5,189,196,60,0.041
ABL1,2,5,189,196,300,0.276
ABL1,2,5,189,196,1800,0.898
ABL1,2,6,161,170,10,0.068
ABL1,2,6,161,170,30,0
ABL1,2,6,161,170,60,0.128
ABL1,2,6,161,170,300,0.745
ABL1,2,6,161,170,1800,1.434
ABL1,2,7,202,209,10,0
ABL1,2,7,202,209,30,0.259
ABL1,2,7,202,209,60,0.372
ABL1,2,7,202,209,300,1.734
ABL1,2,7,202,209,1800,3.966
ABL1,2,8,150,156,10,0.243
ABL1,2,8,150,156,30,0.083
ABL1,2,8,150,156,60,0.203
ABL1,2,8,150,156,300,0.79
ABL1,2,8,150,156,1800,1.56
ABL1,2,9,203,212,10,0
ABL1,2,9,203,212,30,0.117
ABL1,2,9,203,212,60,0.408
ABL1,2,9,203,212,300,1.814
ABL1,2,9,203,212,1800,4.053
ABL1,2,10,231,238,10,0
ABL1,2,10,231,238,30,0.219
ABL1,2,10,231,238,60,0
ABL1,2,10,231,238,300,0.543
ABL1,2,10,231,238,1800,1.457
ABL1,2,11,88,94,10,0
ABL1,2,11,88,94,30,0.003
ABL1,2,11,88,94,60,0.244
ABL1,2,11,88,94,300,0.666
ABL1,2,11,88,94,1800,1.317
ABL1,2,12,268,277,10,0
ABL1,2,12,268,277,30,0.182
ABL1,2,12,268,277,60,0.449
ABL1,2,12,268,277,300,1.557
ABL1,2,12,268,277,1800,3.744
ABL1,2,13,229,235,10,0.104
ABL1,2,13,229,235,30,0.212
ABL1,2,13,229,235,60,0.079
ABL1,2,13,229,235,300,0.179
ABL1,2,13,229,235,1800,0.646
ABL1,2,14,179,185,10,0.213
ABL1,2,14,179,185,30,0.055
ABL1,2,14,179,185,60,0.057
ABL1,2,14,179,185,300,0.556
ABL1,2,14,179,185,1800,1.72
ABL1,2,15,68,74,10,0.095
ABL1,2,15,68,74,30,0.037
ABL1,2,15,68,74,60,0
ABL1,2,15,68,74,300,0.176
ABL1,2,15,68,74,1800,0.59
ABL1,2,16,115,124,10,0.037
ABL1,2,16,115,124,30,0.245
ABL1,2,16,115,124,60,0.105
ABL1,2,16,115,124,300,0.316
ABL1,2,16,115,124,1800,0.649
ABL1,2,17,59,65,10,0
ABL1,2,17,59,65,30,0.215
ABL1,2,17,59,65,60,0.408
ABL1,2,17,59,65,300,1.259
ABL1,2,17,59,65,1800,3.211
ABL1,2,18,173,181,10,0.035
ABL1,2,18,173,181,30,0.113
ABL1,2,18,173,181,60,0.378
ABL1,2,18,173,181,300,1.792
ABL1,2,18,173,181,1800,3.926
ABL1,2,19,112,117,10,0
ABL1,2,19,112,117,30,0.14
ABL1,2,19,112,117,60,0.142
ABL1,2,19,112,117,300,0.697
ABL1,2,19,112,117,1800,1.435
ABL1,2,20,115,124,10,0.072
ABL1,2,20,115,124,30,0.196
ABL1,2,20,115,124,60,0.277
ABL1,2,20,115,124,300,1.114
ABL1,2,20,115,124,1800,2.527
ABL1,2,21,209,215,10,0.068
ABL1,2,21,209,215,30,0.18
ABL1,2,21,209,215,60,0.403
ABL1,2,21,209,215,300,1.751
ABL1,2,21,209,215,1800,4.0
ABL1,2,22,107,112,10,0.085
ABL1,2,22,107,112,30,0.04
ABL1,2,22,107,112,60,0.163
ABL1,2,22,107,112,300,0.122
ABL1,2,22,107,112,1800,0.49
ABL1,2,23,203,212,10,0.237
ABL1,2,23,203,212,30,0.223
ABL1,2,23,203,212,60,0.509
ABL1,2,23,203,212,300,1.495
ABL1,2,23,203,212,1800,3.582
ABL1,2,24,144,152,10,0
ABL1,2,24,144,152,30,0.227
ABL1,2,24,144,152,60,0.32
ABL1,2,24,144,152,300,1.397
ABL1,2,24,144,152,1800,3.297
ABL1,2,25,250,258,10,0.139
ABL1,2,25,250,258,30,0.229
ABL1,2,25,250,258,60,0.471
ABL1,2,25,250,258,300,1.593
ABL1,2,25,250,258,1800,3.874
ABL1,2,26,117,126,10,0.032
ABL1,2,26,117,126,30,0.302
ABL1,2,26,117,126,60,0.141
ABL1,2,26,117,126,300,1.541
ABL1,2,26,117,126,1800,3.65
ABL1,2,27,144,152,10,0.104
ABL1,2,27,144,152,30,0.252
ABL1,2,27,144,152,60,0.175
ABL1,2,27,144,152,300,0.646
ABL1,2,27,144,152,1800,1.964
ABL1,2,28,69,78,10,0.007
ABL1,2,28,69,78,30,0.166
ABL1,2,28,69,78,60,0.375
ABL1,2,28,69,78,300,1.796
ABL1,2,28,69,78,1800,4.294
ABL1,2,29,206,215,10,0.118
ABL1,2,29,206,215,30,0.418
ABL1,2,29,206,215,60,0.434
ABL1,2,29,206,215,300,1.827
ABL1,2,29,206,215,1800,4.241
ABL1,2,30,35,40,10,0.165
ABL1,2,30,35,40,30,0.056
ABL1,2,30,35,40,60,0.351
ABL1,2,30,35,40,300,1.265
ABL1,2,30,35,40,1800,3.017
ABL1,3,1,219,225,10,0
ABL1,3,1,219,225,30,0.117
ABL1,3,1,219,225,60,0.372
ABL1,3,1,219,225,300,1.348
ABL1,3,1,219,225,1800,3.424
ABL1,3,2,190,196,10,0
ABL1,3,2,190,196,30,0.093
ABL1,3,2,190,196,60,0.047
ABL1,3,2,190,196,300,0.301
ABL1,3,2,190,196,1800,0.819
ABL1,3,3,133,141,10,0.098
ABL1,3,3,133,141,30,0.072
ABL1,3,3,133,141,60,0.267
ABL1,3,3,133,141,300,0.378
ABL1,3,3,133,141,1800,1.243
ABL1,3,4,235,240,10,0.107
ABL1,3,4,235,240,30,0.265
ABL1,3,4,235,240,60,0.235
ABL1,3,4,235,240,300,1.752
ABL1,3,4,235,240,1800,3.859
ABL1,3,5,9,14,10,0.069
ABL1,3,5,9,14,30,0.164
ABL1,3,5,9,14,60,0.245
ABL1,3,5,9,14,300,0.832
ABL1,3,5,9,14,1800,2.227
ABL1,3,6,212,219,10,0.028
ABL1,3,6,212,219,30,0
ABL1,3,6,212,219,60,0.252
ABL1,3,6,212,219,300,1.419
ABL1,3,6,212,219,1800,2.937
ABL1,3,7,244,252,10,0.026
ABL1,3,7,244,252,30,0.134
ABL1,3,7,244,252,60,0.201
ABL1,3,7,244,252,300,0.57
ABL1,3,7,244,252,1800,1.843
ABL1,3,8,26,34,10,0
ABL1,3,8,26,34,30,0
ABL1,3,8,26,34,60,0.152
ABL1,3,8,26,34,300,0.814
ABL1,3,8,26,34,1800,1.815
ABL1,3,9,241,247,10,0.056
ABL1,3,9,241,247,30,0.064
ABL1,3,9,241,247,60,0.252
ABL1,3,9,241,247,300,0.843
ABL1,3,9,241,247,1800,1.808
ABL1,3,10,176,184,10,0
ABL1,3,10,176,184,30,0
ABL1,3,10,176,184,60,0.164
ABL1,3,10,176,184,300,0.955
ABL1,3,10,176,184,1800,1.892
ABL1,3,11,76,82,10,0
ABL1,3,11,76,82,30,0.041
ABL1,3,11,76,82,60,0.237
ABL1,3,11,76,82,300,0.921
ABL1,3,11,76,82,1800,2.341
ABL1,3,12,45,50,10,0.065
ABL1,3,12,45,50,30,0
ABL1,3,12,45,50,60,0.124
ABL1,3,12,45,50,300,0.393
ABL1,3,12,45,50,1800,1.02
ABL1,3,13,213,222,10,0.248
ABL1,3,13,213,222,30,0
ABL1,3,13,213,222,60,0.242
ABL1,3,13,213,222,300,0.363
ABL1,3,13,213,222,1800,0.74
ABL1,3,14,19,25,10,0
ABL1,3,14,19,25,30,0.061
ABL1,3,14,19,25,60,0.382
ABL1,3,14,19,25,300,1.083
ABL1,3,14,19,25,1800,2.697
ABL1,3,15,182,188,10,0.028
ABL1,3,15,182,188,30,0
ABL1,3,15,182,188,60,0.311
ABL1,3,15,182,188,300,1.168
ABL1,3,15,182,188,1800,2.847
ABL1,3,16,199,206,10,0.219
ABL1,3,16,199,206,30,0.014
ABL1,3,16,199,206,60,0.12
ABL1,3,16,199,206,300,0.785
ABL1,3,16,199,206,1800,1.451
ABL1,3,17,77,83,10,0.083
ABL1,3,17,77,83,30,0.181
ABL1,3,17,77,83,60,0.06
ABL1,3,17,77,83,300,0.303
ABL1,3,17,77,83,1800,0.976
ABL1,3,18,99,105,10,0
ABL1,3,18,99,105,30,0.293
ABL1,3,18,99,105,60,0.33
ABL1,3,18,99,105,300,1.453
ABL1,3,18,99,105,1800,3.545
ABL1,3,19,151,158,10,0.054
ABL1,3,19,151,158,30,0.1
ABL1,3,19,151,158,60,0.095
ABL1,3,19,151,158,300,0.892
ABL1,3,19,151,158,1800,2.027
ABL1,3,20,170,175,10,0.019
ABL1,3,20,170,175,30,0.137
ABL1,3,20,170,175,60,0.159
ABL1,3,20,170,175,300,0.711
ABL1,3,20,170,175,1800,1.399
ABL1,3,21,194,203,10,0.207
ABL1,3,21,194,203,30,0.232
ABL1,3,21,194,203,60,0.24
ABL1,3,21,194,203,300,1.436
ABL1,3,21,194,203,1800,3.003
ABL1,3,22,94,102,10,0.061
ABL1,3,22,94,102,30,0.075
ABL1,3,22,94,102,60,0.161
ABL1,3,22,94,102,300,0.987
ABL1,3,22,94,102,1800,1.984
ABL1,3,23,213,219,10,0
ABL1,3,23,213,219,30,0.111
ABL1,3,23,213,219,60,0.124
ABL1,3,23,213,219,300,0.674
ABL1,3,23,213,219,1800,1.604
ABL1,3,24,9,17,10,0
ABL1,3,24,9,17,30,0
ABL1,3,24,9,17,60,0.152
ABL1,3,24,9,17,300,0.409
ABL1,3,24,9,17,1800,0.887
ABL1,3,25,15,22,10,0.097
ABL1,3,25,15,22,30,0.111
ABL1,3,25,15,22,60,0.257
ABL1,3,25,15,22,300,1.136
ABL1,3,25,15,22,1800,2.873
ABL1,3,26,211,217,10,0
ABL1,3,26,211,217,30,0
ABL1,3,26,211,217,60,0.016
ABL1,3,26,211,217,300,0.196
ABL1,3,26,211,217,1800,0.521
ABL1,3,27,120,128,10,0
ABL1,3,27,120,128,30,0
ABL1,3,27,120,128,60,0.103
ABL1,3,27,120,128,300,0.533
ABL1,3,27,120,128,1800,1.344
ABL1,3,28,93,98,10,0
ABL1,3,28,93,98,30,0.24
ABL1,3,28,93,98,60,0.28
ABL1,3,28,93,98,300,0.859
ABL1,3,28,93,98,1800,2.099
ABL1,3,29,174,179,10,0.01
ABL1,3,29,174,179,30,0
ABL1,3,29,174,179,60,0
ABL1,3,29,174,179,300,0.456
ABL1,3,29,174,179,1800,1.34
ABL1,3,30,115,121,10,0.048
ABL1,3,30,115,121,30,0
ABL1,3,30,115,121,60,0.023
ABL1,3,30,115,121,300,0.439
ABL1,3,30,115,121,1800,0.919
ABL1,4,1,89,94,10,0
ABL1,4,1,89,94,30,0.238
ABL1,4,1,89,94,60,0.306
ABL1,4,1,89,94,300,0.677
ABL1,4,1,89,94,1800,1.693
ABL1,4,2,214,223,10,0
ABL1,4,2,214,223,30,0
ABL1,4,2,214,223,60,0.361
ABL1,4,2,214,223,300,1.088
ABL1,4,2,214,223,1800,2.454
ABL1,4,3,168,175,10,0.125
ABL1,4,3,168,175,30,0.164
ABL1,4,3,168,175,60,0.241
ABL1,4,3,168,175,300,1.123
ABL1,4,3,168,175,1800,2.592
ABL1,4,4,199,205,10,0.042
ABL1,4,4,199,205,30,0
ABL1,4,4,199,205,60,0.261
ABL1,4,4,199,205,300,0.98
ABL1,4,4,199,205,1800,2.685
ABL1,4,5,126,133,10,0.084
ABL1,4,5,126,133,30,0
ABL1,4,5,126,133,60,0.193
ABL1,4,5,126,133,300,0.954
ABL1,4,5,126,133,1800,2.568
ABL1,4,6,61,70,10,0
ABL1,4,6,61,70,30,0.167
ABL1,4,6,61,70,60,0.274
ABL1,4,6,61,70,300,0.94
ABL1,4,6,61,70,1800,2.254
ABL1,4,7,224,230,10,0.027
ABL1,4,7,224,230,30,0.077
ABL1,4,7,224,230,60,0.105
ABL1,4,7,224,230,300,0.45
ABL1,4,7,224,230,1800,1.195
ABL1,4,8,112,117,10,0.092
ABL1,4,8,112,117,30,0
ABL1,4,8,112,117,60,0.166
ABL1,4,8,112,117,300,0.765
ABL1,4,8,112,117,1800,1.427
ABL1,4,9,58,63,10,0
ABL1,4,9,58,63,30,0.078
ABL1,4,9,58,63,60,0.236
ABL1,4,9,58,63,300,0.805
ABL1,4,9,58,63,1800,2.151
ABL1,4,10,270,275,10,0
ABL1,4,10,270,275,30,0.085
ABL1,4,10,270,275,60,0.29
ABL1,4,10,270,275,300,1.221
ABL1,4,10,270,275,1800,2.932
ABL1,4,11,113,121,10,0.188
ABL1,4,11,113,121,30,0.127
ABL1,4,11,113,121,60,0.212
ABL1,4,11,113,121,300,0.867
ABL1,4,11,113,121,1800,2.315
ABL1,4,12,83,92,10,0.038
ABL1,4,12,83,92,30,0.028
ABL1,4,12,83,92,60,0.158
ABL1,4,12,83,92,300,0.799
ABL1,4,12,83,92,1800,1.805
ABL1,4,13,24,31,10,0.035
ABL1,4,13,24,31,30,0.389
ABL1,4,13,24,31,60,0.458
ABL1,4,13,24,31,300,1.396
ABL1,4,13,24,31,1800,3.646
ABL1,4,14,83,91,10,0.065
ABL1,4,14,83,91,30,0.079
ABL1,4,14,83,91,60,0.27
ABL1,4,14,83,91,300,1.396
ABL1,4,14,83,91,1800,3.623
ABL1,4,15,31,39,10,0.015
ABL1,4,15,31,39,30,0.045
ABL1,4,15,31,39,60,0.096
ABL1,4,15,31,39,300,0.852
ABL1,4,15,31,39,1800,1.991
ABL1,4,16,106,115,10,0.12
ABL1,4,16,106,115,30,0.011
ABL1,4,16,106,115,60,0.396
ABL1,4,16,106,115,300,1.223
ABL1,4,16,106,115,1800,2.774
ABL1,4,17,248,256,10,0.146
ABL1,4,17,248,256,30,0.245
ABL1,4,17,248,256,60,0.497
ABL1,4,17,248,256,300,1.706
ABL1,4,17,248,256,1800,3.72
ABL1,4,18,207,213,10,0
ABL1,4,18,207,213,30,0.186
ABL1,4,18,207,213,60,0.264
ABL1,4,18,207,213,300,0.764
ABL1,4,18,207,213,1800,2.15
ABL1,4,19,1,6,10,0
ABL1,4,19,1,6,30,0
ABL1,4,19,1,6,60,0.141
ABL1,4,19,1,6,300,0.564
ABL1,4,19,1,6,1800,1.161
ABL1,4,20,261,267,10,0.003
ABL1,4,20,261,267,30,0.156
ABL1,4,20,261,267,60,0.331
ABL1,4,20,261,267,300,0.742
ABL1,4,20,261,267,1800,1.767
ABL1,4,21,245,252,10,0.076
ABL1,4,21,245,252,30,0
ABL1,4,21,245,252,60,0.562
ABL1,4,21,245,252,300,1.342
ABL1,4,21,245,252,1800,3.069
ABL1,4,22,23,31,10,0.069
ABL1,4,22,23,31,30,0.141
ABL1,4,22,23,31,60,0.151
ABL1,4,22,23,31,300,1.457
ABL1,4,22,23,31,1800,3.47
ABL1,4,23,268,273,10,0.094
ABL1,4,23,268,273,30,0.122
ABL1,4,23,268,273,60,0.42
ABL1,4,23,268,273,300,1.568
ABL1,4,23,268,273,1800,3.534
ABL1,4,24,60,68,10,0
ABL1,4,24,60,68,30,0.172
ABL1,4,24,60,68,60,0.309
ABL1,4,24,60,68,300,1.532
ABL1,4,24,60,68,1800,3.892
ABL1,4,25,127,136,10,0
ABL1,4,25,127,136,30,0.254
ABL1,4,25,127,136,60,0.309
ABL1,4,25,127,136,300,1.269
ABL1,4,25,127,136,1800,3.074
ABL1,4,26,201,209,10,0
ABL1,4,26,201,209,30,0.193
ABL1,4,26,201,209,60,0.159
ABL1,4,26,201,209,300,0.731
ABL1,4,26,201,209,1800,1.917
ABL1,4,27,182,191,10,0.133
ABL1,4,27,182,191,30,0.269
ABL1,4,27,182,191,60,0.321
ABL1,4,27,182,191,300,1.613
ABL1,4,27,182,191,1800,3.401
ABL1,4,28,176,183,10,0
ABL1,4,28,176,183,30,0.053
ABL1,4,28,176,183,60,0.238
ABL1,4,28,176,183,300,0.437
ABL1,4,28,176,183,1800,1.196
ABL1,4,29,153,159,10,0
ABL1,4,29,153,159,30,0.069
ABL1,4,29,153,159,60,0.229
ABL1,4,29,153,159,300,1.069
ABL1,4,29,153,159,1800,2.599
ABL1,4,30,156,161,10,0
ABL1,4,30,156,161,30,0.084
ABL1,4,30,156,161,60,0.293
ABL1,4,30,156,161,300,1.409
ABL1,4,30,156,161,1800,3.382
PKA,1,1,305,313,10,0
PKA,1,1,305,313,30,0.015
PKA,1,1,305,313,60,0.082
PKA,1,1,305,313,300,0.791
PKA,1,1,305,313,1800,1.55
PKA,1,2,39,48,10,0
PKA,1,2,39,48,30,0
PKA,1,2,39,48,60,0.047
PKA,1,2,39,48,300,0.468
PKA,1,2,39,48,1800,1.308
PKA,1,3,125,132,10,0
PKA,1,3,125,132,30,0.171
PKA,1,3,125,132,60,0.411
PKA,1,3,125,132,300,1.673
PKA,1,3,125,132,1800,3.543
PKA,1,4,195,202,10,0.032
PKA,1,4,195,202,30,0.099
PKA,1,4,195,202,60,0.327
PKA,1,4,195,202,300,1.347
PKA,1,4,195,202,1800,3.588
PKA,1,5,86,95,10,0.125
PKA,1,5,86,95,30,0.119
PKA,1,5,86,95,60,0.445
PKA,1,5,86,95,300,1.633
PKA,1,5,86,95,1800,3.599
PKA,1,6,72,80,10,0.006
PKA,1,6,72,80,30,0
PKA,1,6,72,80,60,0.137
PKA,1,6,72,80,300,0.274
PKA,1,6,72,80,1800,0.613
PKA,1,7,279,285,10,0.073
PKA,1,7,279,285,30,0
PKA,1,7,279,285,60,0.207
PKA,1,7,279,285,300,0.666
PKA,1,7,279,285,1800,1.387
PKA,1,8,285,291,10,0.023
PKA,1,8,285,291,30,0.225
PKA,1,8,285,291,60,0.296
PKA,1,8,285,291,300,1.511
PKA,1,8,285,291,1800,3.973
PKA,1,9,283,289,10,0.043
PKA,1,9,283,289,30,0.067
PKA,1,9,283,289,60,0.481
PKA,1,9,283,289,300,0.914
PKA,1,9,283,289,1800,2.729
PKA,1,10,122,127,10,0
PKA,1,10,122,127,30,0.224
PKA,1,10,122,127,60,0.061
PKA,1,10,122,127,300,0.459
PKA,1,10,122,127,1800,1.027
PKA,1,11,109,114,10,0.022
PKA,1,11,109,114,30,0
PKA,1,11,109,114,60,0.196
PKA,1,11,109,114,300,1.343
PKA,1,11,109,114,1800,3.15
PKA,1,12,331,337,10,0
PKA,1,12,331,337,30,0.12
PKA,1,12,331,337,60,0.036
PKA,1,12,331,337,300,0.19
PKA,1,12,331,337,1800,0.664
PKA,1,13,290,296,10,0.209
PKA,1,13,290,296,30,0.166
PKA,1,13,290,296,60,0.428
PKA,1,13,290,296,300,1.446
PKA,1,13,290,296,1800,3.582
PKA,1,14,246,251,10,0.062
PKA,1,14,246,251,30,0.094
PKA,1,14,246,251,60,0.285
PKA,1,14,246,251,300,1.356
PKA,1,14,246,251,1800,2.834
PKA,1,15,16,21,10,0.077
PKA,1,15,16,21,30,0.24
PKA,1,15,16,21,60,0.276
PKA,1,15,16,21,300,1.161
PKA,1,15,16,21,1800,2.862
PKA,1,16,130,136,10,0.131
PKA,1,16,130,136,30,0.234
PKA,1,16,130,136,60,0.239
PKA,1,16,130,136,300,1.129
PKA,1,16,130,136,1800,2.852
PKA,1,17,217,226,10,0
PKA,1,17,217,226,30,0.33
PKA,1,17,217,226,60,0.512
PKA,1,17,217,226,300,1.821
PKA,1,17,217,226,1800,3.778
PKA,1,18,65,70,10,0.152
PKA,1,18,65,70,30,0.012
PKA,1,18,65,70,60,0.283
PKA,1,18,65,70,300,0.744
PKA,1,18,65,70,1800,1.666
PKA,1,19,218,224,10,0.052
PKA,1,19,218,224,30,0.02
PKA,1,19,218,224,60,0.191
PKA,1,19,218,224,300,0.49
PKA,1,19,218,224,1800,1.307
PKA,1,20,151,159,10,0.001
PKA,1,20,151,159,30,0.174
PKA,1,20,151,159,60,0.435
PKA,1,20,151,159,300,1.514
PKA,1,20,151,159,1800,3.44
PKA,1,21,148,155,10,0.051
PKA,1,21,148,155,30,0.203
PKA,1,21,148,155,60,0.282
PKA,1,21,148,155,300,0.953
PKA,1,21,148,155,1800,1.941
PKA,1,22,161,166,10,0
PKA,1,22,161,166,30,0.167
PKA,1,22,161,166,60,0.26
PKA,1,22,161,166,300,0.92
PKA,1,22,161,166,1800,2.414
PKA,1,23,53,59,10,0.142
PKA,1,23,53,59,30,0.059
PKA,1,23,53,59,60,0.39
PKA,1,23,53,59,300,1.302
PKA,1,23,53,59,1800,3.186
PKA,1,24,47,52,10,0.116
PKA,1,24,47,52,30,0.219
PKA,1,24,47,52,60,0.329
PKA,1,24,47,52,300,1.669
PKA,1,24,47,52,1800,3.953
PKA,1,25,238,246,10,0.036
PKA,1,25,238,246,30,0
PKA,1,25,238,246,60,0.035
PKA,1,25,238,246,300,0.423
PKA,1,25,238,246,1800,1.022
PKA,1,26,165,174,10,0.102
PKA,1,26,165,174,30,0.15
PKA,1,26,165,174,60,0.306
PKA,1,26,165,174,300,0.8
PKA,1,26,165,174,1800,1.878
PKA,1,27,72,79,10,0.103
PKA,1,27,72,79,30,0.123
PKA,1,27,72,79,60,0
PKA,1,27,72,79,300,0.366
PKA,1,27,72,79,1800,0.829
PKA,1,28,27,36,10,0.075
PKA,1,28,27,36,30,0.273
PKA,1,28,27,36,60,0.397
PKA,1,28,27,36,300,1.628
PKA,1,28,27,36,1800,3.772
PKA,1,29,158,165,10,0.053
PKA,1,29,158,165,30,0
PKA,1,29,158,165,60,0.193
PKA,1,29,158,165,300,0.982
PKA,1,29,158,165,1800,2.154
PKA,1,30,152,157,10,0.11
PKA,1,30,152,157,30,0.215
PKA,1,30,152,157,60,0.323
PKA,1,30,152,157,300,1.372
PKA,1,30,152,157,1800,3.567
PKA,2,1,293,301,10,0
PKA,2,1,293,301,30,0.272
PKA,2,1,293,301,60,0.15
PKA,2,1,293,301,300,0.597
PKA,2,1,293,301,1800,1.11
PKA,2,2,114,120,10,0.026
PKA,2,2,114,120,30,0.057
PKA,2,2,114,120,60,0.136
PKA,2,2,114,120,300,0.429
PKA,2,2,114,120,1800,0.801
PKA,2,3,123,132,10,0.174
PKA,2,3,123,132,30,0.191
PKA,2,3,123,132,60,0.507
PKA,2,3,123,132,300,1.669
PKA,2,3,123,132,1800,3.905
PKA,2,4,286,291,10,0.018
PKA,2,4,286,291,30,0.151
PKA,2,4,286,291,60,0.293
PKA,2,4,286,291,300,0.779
PKA,2,4,286,291,1800,1.893
PKA,2,5,285,293,10,0
PKA,2,5,285,293,30,0
PKA,2,5,285,293,60,0.228
PKA,2,5,285,293,300,0.593
PKA,2,5,285,293,1800,1.016
PKA,2,6,109,116,10,0.159
PKA,2,6,109,116,30,0
PKA,2,6,109,116,60,0.345
PKA,2,6,109,116,300,1.298
PKA,2,6,109,116,1800,3.242
PKA,2,7,290,295,10,0.006
PKA,2,7,290,295,30,0.035
PKA,2,7,290,295,60,0.165
PKA,2,7,290,295,300,0.854
PKA,2,7,290,295,1800,1.926
PKA,2,8,194,200,10,0.107
PKA,2,8,194,200,30,0
PKA,2,8,194,200,60,0.412
PKA,2,8,194,200,300,1.2
PKA,2,8,194,200,1800,2.721
PKA,2,9,203,209,10,0
PKA,2,9,203,209,30,0.043
PKA,2,9,203,209,60,0.198
PKA,2,9,203,209,300,1.045
PKA,2,9,203,209,1800,2.799
PKA,2,10,313,322,10,0.03
PKA,2,10,313,322,30,0.175
PKA,2,10,313,322,60,0.118
PKA,2,10,313,322,300,1.196
PKA,2,10,313,322,1800,2.741
PKA,2,11,284,291,10,0
PKA,2,11,284,291,30,0.06
PKA,2,11,284,291,60,0.253
PKA,2,11,284,291,300,1.182
PKA,2,11,284,291,1800,2.283
PKA,2,12,44,53,10,0
PKA,2,12,44,53,30,0.098
PKA,2,12,44,53,60,0.203
PKA,2,12,44,53,300,1.098
PKA,2,12,44,53,1800,2.876
PKA,2,13,200,207,10,0
PKA,2,13,200,207,30,0.157
PKA,2,13,200,207,60,0.155
PKA,2,13,200,207,300,1.194
PKA,2,13,200,207,1800,3.347
PKA,2,14,235,244,10,0
PKA,2,14,235,244,30,0.202
PKA,2,14,235,244,60,0.382
PKA,2,14,235,244,300,0.661
PKA,2,14,235,244,1800,2.009
PKA,2,15,252,259,10,0
PKA,2,15,252,259,30,0.076
PKA,2,15,252,259,60,0.374
PKA,2,15,252,259,300,1.283
PKA,2,15,252,259,1800,2.992
PKA,2,16,92,98,10,0.099
PKA,2,16,92,98,30,0.035
PKA,2,16,92,98,60,0
PKA,2,16,92,98,300,0.167
PKA,2,16,92,98,1800,0.711
PKA,2,17,340,345,10,0.025
PKA,2,17,340,345,30,0.303
PKA,2,17,340,345,60,0.22
PKA,2,17,340,345,300,1.32
PKA,2,17,340,345,1800,3.552
PKA,2,18,8,15,10,0.07
PKA,2,18,8,15,30,0
PKA,2,18,8,15,60,0.293
PKA,2,18,8,15,300,1.371
PKA,2,18,8,15,1800,3.417
PKA,2,19,51,58,10,0.093
PKA,2,19,51,58,30,0.292
PKA,2,19,51,58,60,0.436
PKA,2,19,51,58,300,1.361
PKA,2,19,51,58,1800,3.402
PKA,2,20,43,49,10,0.133
PKA,2,20,43,49,30,0.122
PKA,2,20,43,49,60,0.272
PKA,2,20,43,49,300,1.173
PKA,2,20,43,49,1800,3.232
PKA,2,21,275,280,10,0
PKA,2,21,275,280,30,0.111
PKA,2,21,275,280,60,0.532
PKA,2,21,275,280,300,1.4
PKA,2,21,275,280,1800,3.634
PKA,2,22,173,182,10,0.125
PKA,2,22,173,182,30,0.097
PKA,2,22,173,182,60,0
PKA,2,22,173,182,300,0.049
PKA,2,22,173,182,1800,0.368
PKA,2,23,294,300,10,0
PKA,2,23,294,300,30,0.231
PKA,2,23,294,300,60,0.326
PKA,2,23,294,300,300,1.55
PKA,2,23,294,300,1800,3.789
PKA,2,24,300,306,10,0
PKA,2,24,300,306,30,0.078
PKA,2,24,300,306,60,0.09
PKA,2,24,300,306,300,0.586
PKA,2,24,300,306,1800,1.239
PKA,2,25,259,268,10,0.061
PKA,2,25,259,268,30,0.059
PKA,2,25,259,268,60,0.332
PKA,2,25,259,268,300,1.207
PKA,2,25,259,268,1800,3.297
PKA,2,26,203,208,10,0.0
PKA,2,26,203,208,30,0.265
PKA,2,26,203,208,60,0.422
PKA,2,26,203,208,300,1.381
PKA,2,26,203,208,1800,3.271
PKA,2,27,128,137,10,0
PKA,2,27,128,137,30,0
PKA,2,27,128,137,60,0.229
PKA,2,27,128,137,300,0.544
PKA,2,27,128,137,1800,0.909
PKA,2,28,219,224,10,0.107
PKA,2,28,219,224,30,0.104
PKA,2,28,219,224,60,0.183
PKA,2,28,219,224,300,1.055
PKA,2,28,219,224,1800,2.647
PKA,2,29,258,263,10,0
PKA,2,29,258,263,30,0.214
PKA,2,29,258,263,60,0.016
PKA,2,29,258,263,300,0.415
PKA,2,29,258,263,1800,0.648
PKA,2,30,176,185,10,0.078
PKA,2,30,176,185,30,0.048
PKA,2,30,176,185,60,0.306
PKA,2,30,176,185,300,1.013
PKA,2,30,176,185,1800,2.34
PKA,3,1,179,188,10,0
PKA,3,1,179,188,30,0.209
PKA,3,1,179,188,60,0.214
PKA,3,1,179,188,300,1.474
PKA,3,1,179,188,1800,3.225
PKA,3,2,171,180,10,0.034
PKA,3,2,171,180,30,0.204
PKA,3,2,171,180,60,0.051
PKA,3,2,171,180,300,0.746
PKA,3,2,171,180,1800,1.69
PKA,3,3,325,332,10,0.041
PKA,3,3,325,332,30,0.257
PKA,3,3,325,332,60,0.338
PKA,3,3,325,332,300,0.763
PKA,3,3,325,332,1800,2.195
PKA,3,4,96,103,10,0.147
PKA,3,4,96,103,30,0.125
PKA,3,4,96,103,60,0.147
PKA,3,4,96,103,300,0.717
PKA,3,4,96,103,1800,1.89
PKA,3,5,315,320,10,0.168
PKA,3,5,315,320,30,0
PKA,3,5,315,320,60,0.236
PKA,3,5,315,320,300,1.247
PKA,3,5,315,320,1800,3.042
PKA,3,6,305,313,10,0.085
PKA,3,6,305,313,30,0.159
PKA,3,6,305,313,60,0.344
PKA,3,6,305,313,300,1.724
PKA,3,6,305,313,1800,4.327
PKA,3,7,91,100,10,0.041
PKA,3,7,91,100,30,0
PKA,3,7,91,100,60,0.141
PKA,3,7,91,100,300,0.188
PKA,3,7,91,100,1800,0.975
PKA,3,8,320,328,10,0.17
PKA,3,8,320,328,30,0.118
PKA,3,8,320,328,60,0.601
PKA,3,8,320,328,300,1.603
PKA,3,8,320,328,1800,4.294
PKA,3,9,326,333,10,0.009
PKA,3,9,326,333,30,0.375
PKA,3,9,326,333,60,0.23
PKA,3,9,326,333,300,0.835
PKA,3,9,326,333,1800,1.971
PKA,3,10,70,78,10,0
PKA,3,10,70,78,30,0.271
PKA,3,10,70,78,60,0.424
PKA,3,10,70,78,300,1.648
PKA,3,10,70,78,1800,4.251
PKA,3,11,261,266,10,0.021
PKA,3,11,261,266,30,0.155
PKA,3,11,261,266,60,0.273
PKA,3,11,261,266,300,0.723
PKA,3,11,261,266,1800,1.487
PKA,3,12,109,114,10,0.133
PKA,3,12,109,114,30,0.11
PKA,3,12,109,114,60,0.253
PKA,3,12,109,114,300,1.025
PKA,3,12,109,114,1800,2.664
PKA,3,13,338,347,10,0.047
PKA,3,13,338,347,30,0.139
PKA,3,13,338,347,60,0.341
PKA,3,13,338,347,300,1.288
PKA,3,13,338,347,1800,2.864
PKA,3,14,315,324,10,0
PKA,3,14,315,324,30,0.102
PKA,3,14,315,324,60,0.308
PKA,3,14,315,324,300,0.959
PKA,3,14,315,324,1800,2.19
PKA,3,15,122,129,10,0.086
PKA,3,15,122,129,30,0.096
PKA,3,15,122,129,60,0.142
PKA,3,15,122,129,300,1.049
PKA,3,15,122,129,1800,2.534
PKA,3,16,218,227,10,0.058
PKA,3,16,218,227,30,0.387
PKA,3,16,218,227,60,0.396
PKA,3,16,218,227,300,1.717
PKA,3,16,218,227,1800,3.932
PKA,3,17,139,144,10,0.148
PKA,3,17,139,144,30,0.02
PKA,3,17,139,144,60,0.138
PKA,3,17,139,144,300,0.302
PKA,3,17,139,144,1800,1.179
PKA,3,18,241,249,10,0.048
PKA,3,18,241,249,30,0.076
PKA,3,18,241,249,60,0.388
PKA,3,18,241,249,300,1.215
PKA,3,18,241,249,1800,2.884
PKA,3,19,146,154,10,0.059
PKA,3,19,146,154,30,0.073
PKA,3,19,146,154,60,0.191
PKA,3,19,146,154,300,0.771
PKA,3,19,146,154,1800,2.149
PKA,3,20,179,185,10,0.008
PKA,3,20,179,185,30,0.056
PKA,3,20,179,185,60,0.164
PKA,3,20,179,185,300,1.128
PKA,3,20,179,185,1800,2.442
PKA,3,21,203,209,10,0.093
PKA,3,21,203,209,30,0
PKA,3,21,203,209,60,0.214
PKA,3,21,203,209,300,0.728
PKA,3,21,203,209,1800,1.915
PKA,3,22,120,125,10,0
PKA,3,22,120,125,30,0.128
PKA,3,22,120,125,60,0.188
PKA,3,22,120,125,300,1.147
PKA,3,22,120,125,1800,2.801
PKA,3,23,144,149,10,0
PKA,3,23,144,149,30,0
PKA,3,23,144,149,60,0
PKA,3,23,144,149,300,0.143
PKA,3,23,144,149,1800,0.606
PKA,3,24,139,146,10,0.115
PKA,3,24,139,146,30,0.227
PKA,3,24,139,146,60,0.554
PKA,3,24,139,146,300,1.891
PKA,3,24,139,146,1800,4.331
PKA,3,25,316,323,10,0
PKA,3,25,316,323,30,0.002
PKA,3,25,316,323,60,0.086
PKA,3,25,316,323,300,0.227
PKA,3,25,316,323,1800,0.721
PKA,3,26,286,294,10,0.047
PKA,3,26,286,294,30,0
PKA,3,26,286,294,60,0.154
PKA,3,26,286,294,300,0.528
PKA,3,26,286,294,1800,1.008
PKA,3,27,94,100,10,0.225
PKA,3,27,94,100,30,0.087
PKA,3,27,94,100,60,0.207
PKA,3,27,94,100,300,0.722
PKA,3,27,94,100,1800,2.082
PKA,3,28,331,337,10,0.036
PKA,3,28,331,337,30,0.158
PKA,3,28,331,337,60,0.186
PKA,3,28,331,337,300,0.449
PKA,3,28,331,337,1800,1.112
PKA,3,29,157,165,10,0.123
PKA,3,29,157,165,30,0.184
PKA,3,29,157,165,60,0.263
PKA,3,29,157,165,300,1.029
PKA,3,29,157,165,1800,2.369
PKA,3,30,335,341,10,0
PKA,3,30,335,341,30,0.193
PKA,3,30,335,341,60,0
PKA,3,30,335,341,300,0.374
PKA,3,30,335,341,1800,0.706
PKA,4,1,122,130,10,0.021
PKA,4,1,122,130,30,0.226
PKA,4,1,122,130,60,0.328
PKA,4,1,122,130,300,1.574
PKA,4,1,122,130,1800,3.998
PKA,4,2,6,13,10,0.005
PKA,4,2,6,13,30,0.096
PKA,4,2,6,13,60,0.209
PKA,4,2,6,13,300,0.99
PKA,4,2,6,13,1800,2.284
PKA,4,3,171,180,10,0.182
PKA,4,3,171,180,30,0.231
PKA,4,3,171,180,60,0.383
PKA,4,3,171,180,300,1.688
PKA,4,3,171,180,1800,4.146
PKA,4,4,232,238,10,0
PKA,4,4,232,238,30,0.152
PKA,4,4,232,238,60,0.188
PKA,4,4,232,238,300,0.428
PKA,4,4,232,238,1800,1.104
PKA,4,5,261,269,10,0.001
PKA,4,5,261,269,30,0.1
PKA,4,5,261,269,60,0.393
PKA,4,5,261,269,300,1.61
PKA,4,5,261,269,1800,3.876
PKA,4,6,144,152,10,0
PKA,4,6,144,152,30,0.227
PKA,4,6,144,152,60,0.349
PKA,4,6,144,152,300,1.534
PKA,4,6,144,152,1800,3.644
PKA,4,7,36,44,10,0
PKA,4,7,36,44,30,0.211
PKA,4,7,36,44,60,0.127
PKA,4,7,36,44,300,1.667
PKA,4,7,36,44,1800,3.69
PKA,4,8,155,162,10,0.121
PKA,4,8,155,162,30,0.24
PKA,4,8,155,162,60,0.351
PKA,4,8,155,162,300,1.517
PKA,4,8,155,162,1800,3.766
PKA,4,9,204,209,10,0.11
PKA,4,9,204,209,30,0.252
PKA,4,9,204,209,60,0.097
PKA,4,9,204,209,300,0.465
PKA,4,9,204,209,1800,1.235
PKA,4,10,9,18,10,0
PKA,4,10,9,18,30,0.072
PKA,4,10,9,18,60,0.042
PKA,4,10,9,18,300,0.738
PKA,4,10,9,18,1800,1.334
PKA,4,11,193,202,10,0
PKA,4,11,193,202,30,0
PKA,4,11,193,202,60,0
PKA,4,11,193,202,300,0.171
PKA,4,11,193,202,1800,0.569
PKA,4,12,210,215,10,0.104
PKA,4,12,210,215,30,0.084
PKA,4,12,210,215,60,0.245
PKA,4,12,210,215,300,0.974
PKA,4,12,210,215,1800,2.858
PKA,4,13,69,76,10,0.115
PKA,4,13,69,76,30,0.126
PKA,4,13,69,76,60,0.361
PKA,4,13,69,76,300,1.677
PKA,4,13,69,76,1800,4.124
PKA,4,14,295,300,10,0.04
PKA,4,14,295,300,30,0.206
PKA,4,14,295,300,60,0.113
PKA,4,14,295,300,300,0.733
PKA,4,14,295,300,1800,1.639
PKA,4,15,221,230,10,0.222
PKA,4,15,221,230,30,0.19
PKA,4,15,221,230,60,0.363
PKA,4,15,221,230,300,1.404
PKA,4,15,221,230,1800,3.881
PKA,4,16,285,293,10,0.01
PKA,4,16,285,293,30,0.279
PKA,4,16,285,293,60,0.283
PKA,4,16,285,293,300,1.381
PKA,4,16,285,293,1800,3.515
PKA,4,17,195,200,10,0
PKA,4,17,195,200,30,0.201
PKA,4,17,195,200,60,0.372
PKA,4,17,195,200,300,1.632
PKA,4,17,195,200,1800,3.925
PKA,4,18,337,346,10,0
PKA,4,18,337,346,30,0.263
PKA,4,18,337,346,60,0.412
PKA,4,18,337,346,300,1.815
PKA,4,18,337,346,1800,4.203
PKA,4,19,291,297,10,0.004
PKA,4,19,291,297,30,0.072
PKA,4,19,291,297,60,0
PKA,4,19,291,297,300,0.262
PKA,4,19,291,297,1800,0.618
PKA,4,20,104,112,10,0.015
PKA,4,20,104,112,30,0.137
PKA,4,20,104,112,60,0.227
PKA,4,20,104,112,300,1.182
PKA,4,20,104,112,1800,2.87
PKA,4,21,118,125,10,0
PKA,4,21,118,125,30,0.125
PKA,4,21,118,125,60,0.28
PKA,4,21,118,125,300,1.038
PKA,4,21,118,125,1800,2.568
PKA,4,22,271,279,10,0.089
PKA,4,22,271,279,30,0.035
PKA,4,22,271,279,60,0.192
PKA,4,22,271,279,300,0.736
PKA,4,22,271,279,1800,1.638
PKA,4,23,86,92,10,0
PKA,4,23,86,92,30,0.182
PKA,4,23,86,92,60,0.341
PKA,4,23,86,92,300,1.381
PKA,4,23,86,92,1800,3.305
PKA,4,24,107,113,10,0.005
PKA,4,24,107,113,30,0.15
PKA,4,24,107,113,60,0.065
PKA,4,24,107,113,300,0.073
PKA,4,24,107,113,1800,0.607
PKA,4,25,207,215,10,0.032
PKA,4,25,207,215,30,0.077
PKA,4,25,207,215,60,0.009
PKA,4,25,207,215,300,0.56
PKA,4,25,207,215,1800,1.451
PKA,4,26,63,70,10,0
PKA,4,26,63,70,30,0.054
PKA,4,26,63,70,60,0.072
PKA,4,26,63,70,300,0.571
PKA,4,26,63,70,1800,0.873
PKA,4,27,197,206,10,0
PKA,4,27,197,206,30,0.038
PKA,4,27,197,206,60,0.409
PKA,4,27,197,206,300,1.471
PKA,4,27,197,206,1800,3.488
PKA,4,28,298,307,10,0.004
PKA,4,28,298,307,30,0.111
PKA,4,28,298,307,60,0.356
PKA,4,28,298,307,300,1.678
PKA,4,28,298,307,1800,4.038
PKA,4,29,5,14,10,0
PKA,4,29,5,14,30,0.287
PKA,4,29,5,14,60,0.373
PKA,4,29,5,14,300,1.414
PKA,4,29,5,14,1800,3.631
PKA,4,30,218,226,10,0
PKA,4,30,218,226,30,0.197
PKA,4,30,218,226,60,0.447
PKA,4,30,218,226,300,1.904
PKA,4,30,218,226,1800,4.295
JNK3,1,1,302,311,10,0.047
JNK3,1,1,302,311,30,0.183
JNK3,1,1,302,311,60,0.277
JNK3,1,1,302,311,300,0.531
JNK3,1,1,302,311,1800,1.533
JNK3,1,2,50,59,10,0.175
JNK3,1,2,50,59,30,0.135
JNK3,1,2,50,59,60,0.517
JNK3,1,2,50,59,300,1.495
JNK3,1,2,50,59,1800,3.796
JNK3,1,3,133,140,10,0.056
JNK3,1,3,133,140,30,0
JNK3,1,3,133,140,60,0.141
JNK3,1,3,133,140,300,1.236
JNK3,1,3,133,140,1800,2.409
JNK3,1,4,341,346,10,0.085
JNK3,1,4,341,346,30,0.087
JNK3,1,4,341,346,60,0.236
JNK3,1,4,341,346,300,0.287
JNK3,1,4,341,346,1800,0.836
JNK3,1,5,229,236,10,0
JNK3,1,5,229,236,30,0.037
JNK3,1,5,229,236,60,0.147
JNK3,1,5,229,236,300,0.993
JNK3,1,5,229,236,1800,1.886
JNK3,1,6,227,233,10,0.156
JNK3,1,6,227,233,30,0.268
JNK3,1,6,227,233,60,0.392
JNK3,1,6,227,233,300,1.308
JNK3,1,6,227,233,1800,3.34
JNK3,1,7,9,15,10,0.012
JNK3,1,7,9,15,30,0.152
JNK3,1,7,9,15,60,0.092
JNK3,1,7,9,15,300,1.299
JNK3,1,7,9,15,1800,3.091
JNK3,1,8,306,313,10,0
JNK3,1,8,306,313,30,0.338
JNK3,1,8,306,313,60,0.586
JNK3,1,8,306,313,300,1.798
JNK3,1,8,306,313,1800,4.25
JNK3,1,9,257,262,10,0
JNK3,1,9,257,262,30,0
JNK3,1,9,257,262,60,0.064
JNK3,1,9,257,262,300,1.014
JNK3,1,9,257,262,1800,2.196
JNK3,1,10,211,218,10,0.225
JNK3,1,10,211,218,30,0.139
JNK3,1,10,211,218,60,0.07
JNK3,1,10,211,218,300,0.436
JNK3,1,10,211,218,1800,1.086
JNK3,1,11,45,51,10,0.177
JNK3,1,11,45,51,30,0.139
JNK3,1,11,45,51,60,0.383
JNK3,1,11,45,51,300,1.292
JNK3,1,11,45,51,1800,2.87
JNK3,1,12,215,220,10,0.081
JNK3,1,12,215,220,30,0.208
JNK3,1,12,215,220,60,0.023
JNK3,1,12,215,220,300,1.175
JNK3,1,12,215,220,1800,2.879
JNK3,1,13,341,349,10,0.125
JNK3,1,13,341,349,30,0.069
JNK3,1,13,341,349,60,0.107
JNK3,1,13,341,349,300,0.407
JNK3,1,13,341,349,1800,0.89
JNK3,1,14,44,50,10,0.055
JNK3,1,14,44,50,30,0.024
JNK3,1,14,44,50,60,0.246
JNK3,1,14,44,50,300,1.238
JNK3,1,14,44,50,1800,2.639
JNK3,1,15,382,388,10,0.128
JNK3,1,15,382,388,30,0
JNK3,1,15,382,388,60,0.264
JNK3,1,15,382,388,300,0.504
JNK3,1,15,382,388,1800,1.277
JNK3,1,16,16,23,10,0.089
JNK3,1,16,16,23,30,0.206
JNK3,1,16,16,23,60,0.393
JNK3,1,16,16,23,300,1.677
JNK3,1,16,16,23,1800,3.966
JNK3,1,17,167,173,10,0.094
JNK3,1,17,167,173,30,0.05
JNK3,1,17,167,173,60,0.488
JNK3,1,17,167,173,300,1.688
JNK3,1,17,167,173,1800,4.085
JNK3,1,18,157,163,10,0.088
JNK3,1,18,157,163,30,0.302
JNK3,1,18,157,163,60,0.374
JNK3,1,18,157,163,300,1.631
JNK3,1,18,157,163,1800,4.011
JNK3,1,19,197,202,10,0.078
JNK3,1,19,197,202,30,0.084
JNK3,1,19,197,202,60,0
JNK3,1,19,197,202,300,0.484
JNK3,1,19,197,202,1800,0.968
JNK3,1,20,375,382,10,0
JNK3,1,20,375,382,30,0.164
JNK3,1,20,375,382,60,0.294
JNK3,1,20,375,382,300,0.873
JNK3,1,20,375,382,1800,2.307
JNK3,1,21,252,260,10,0.089
JNK3,1,21,252,260,30,0.203
JNK3,1,21,252,260,60,0.372
JNK3,1,21,252,260,300,1.128
JNK3,1,21,252,260,1800,2.576
JNK3,1,22,94,102,10,0
JNK3,1,22,94,102,30,0.212
JNK3,1,22,94,102,60,0.222
JNK3,1,22,94,102,300,0.751
JNK3,1,22,94,102,1800,2.287
JNK3,1,23,180,188,10,0.121
JNK3,1,23,180,188,30,0.147
JNK3,1,23,180,188,60,0.613
JNK3,1,23,180,188,300,1.802
JNK3,1,23,180,188,1800,4.247
JNK3,1,24,210,219,10,0
JNK3,1,24,210,219,30,0.16
JNK3,1,24,210,219,60,0.154
JNK3,1,24,210,219,300,0.812
JNK3,1,24,210,219,1800,2.076
JNK3,1,25,42,48,10,0
JNK3,1,25,42,48,30,0.065
JNK3,1,25,42,48,60,0.532
JNK3,1,25,42,48,300,1.168
JNK3,1,25,42,48,1800,2.765
JNK3,1,26,257,266,10,0.116
JNK3,1,26,257,266,30,0.101
JNK3,1,26,257,266,60,0.285
JNK3,1,26,257,266,300,0.976
JNK3,1,26,257,266,1800,2.511
JNK3,1,27,108,115,10,0
JNK3,1,27,108,115,30,0
JNK3,1,27,108,115,60,0.071
JNK3,1,27,108,115,300,0.155
JNK3,1,27,108,115,1800,0.733
JNK3,1,28,173,181,10,0.045
JNK3,1,28,173,181,30,0.057
JNK3,1,28,173,181,60,0.267
JNK3,1,28,173,181,300,1.564
JNK3,1,28,173,181,1800,3.747
JNK3,1,29,89,94,10,0.029
JNK3,1,29,89,94,30,0.146
JNK3,1,29,89,94,60,0.379
JNK3,1,29,89,94,300,1.904
JNK3,1,29,89,94,1800,4.166
JNK3,1,30,364,373,10,0
JNK3,1,30,364,373,30,0.163
JNK3,1,30,364,373,60,0.354
JNK3,1,30,364,373,300,0.863
JNK3,1,30,364,373,1800,2.327
JNK3,2,1,2,10,10,0.047
JNK3,2,1,2,10,30,0.219
JNK3,2,1,2,10,60,0.165
JNK3,2,1,2,10,300,0.45
JNK3,2,1,2,10,1800,1.482
JNK3,2,2,371,376,10,0
JNK3,2,2,371,376,30,0.097
JNK3,2,2,371,376,60,0.426
JNK3,2,2,371,376,300,0.721
JNK3,2,2,371,376,1800,2.411
JNK3,2,3,208,215,10,0.258
JNK3,2,3,208,215,30,0.216
JNK3,2,3,208,215,60,0.505
JNK3,2,3,208,215,300,1.272
JNK3,2,3,208,215,1800,3.792
JNK3,2,4,190,197,10,0.075
JNK3,2,4,190,197,30,0.063
JNK3,2,4,190,197,60,0.081
JNK3,2,4,190,197,300,0.494
JNK3,2,4,190,197,1800,1.146
JNK3,2,5,16,21,10,0.186
JNK3,2,5,16,21,30,0.206
JNK3,2,5,16,21,60,0.417
JNK3,2,5,16,21,300,1.28
JNK3,2,5,16,21,1800,3.2
JNK3,2,6,73,78,10,0
JNK3,2,6,73,78,30,0.089
JNK3,2,6,73,78,60,0.227
JNK3,2,6,73,78,300,1.353
JNK3,2,6,73,78,1800,3.198
JNK3,2,7,84,89,10,0.115
JNK3,2,7,84,89,30,0.348
JNK3,2,7,84,89,60,0.301
JNK3,2,7,84,89,300,1.728
JNK3,2,7,84,89,1800,4.075
JNK3,2,8,42,47,10,0
JNK3,2,8,42,47,30,0.198
JNK3,2,8,42,47,60,0.358
JNK3,2,8,42,47,300,1.398
JNK3,2,8,42,47,1800,3.769
JNK3,2,9,60,66,10,0
JNK3,2,9,60,66,30,0
JNK3,2,9,60,66,60,0
JNK3,2,9,60,66,300,0.305
JNK3,2,9,60,66,1800,0.822
JNK3,2,10,384,389,10,0
JNK3,2,10,384,389,30,0.207
JNK3,2,10,384,389,60,0.177
JNK3,2,10,384,389,300,1.755
JNK3,2,10,384,389,1800,4.083
JNK3,2,11,182,191,10,0.233
JNK3,2,11,182,191,30,0.206
JNK3,2,11,182,191,60,0.413
JNK3,2,11,182,191,300,1.867
JNK3,2,11,182,191,1800,4.131
JNK3,2,12,239,248,10,0.3
JNK3,2,12,239,248,30,0.079
JNK3,2,12,239,248,60,0.183
JNK3,2,12,239,248,300,0.763
JNK3,2,12,239,248,1800,1.771
JNK3,2,13,225,232,10,0
JNK3,2,13,225,232,30,0.039
JNK3,2,13,225,232,60,0.357
JNK3,2,13,225,232,300,0.58
JNK3,2,13,225,232,1800,1.184
JNK3,2,14,228,237,10,0.004
JNK3,2,14,228,237,30,0
JNK3,2,14,228,237,60,0.362
JNK3,2,14,228,237,300,1.341
JNK3,2,14,228,237,1800,3.286
JNK3,2,15,117,125,10,0
JNK3,2,15,117,125,30,0.1
JNK3,2,15,117,125,60,0
JNK3,2,15,117,125,300,0.334
JNK3,2,15,117,125,1800,0.921
JNK3,2,16,80,86,10,0
JNK3,2,16,80,86,30,0.108
JNK3,2,16,80,86,60,0.204
JNK3,2,16,80,86,300,1.351
JNK3,2,16,80,86,1800,3.716
JNK3,2,17,129,137,10,0.089
JNK3,2,17,129,137,30,0.166
JNK3,2,17,129,137,60,0.196
JNK3,2,17,129,137,300,1.029
JNK3,2,17,129,137,1800,2.24
JNK3,2,18,55,60,10,0.054
JNK3,2,18,55,60,30,0.056
JNK3,2,18,55,60,60,0.134
JNK3,2,18,55,60,300,0.462
JNK3,2,18,55,60,1800,1.043
JNK3,2,19,181,189,10,0.048
JNK3,2,19,181,189,30,0.193
JNK3,2,19,181,189,60,0.291
JNK3,2,19,181,189,300,1.44
JNK3,2,19,181,189,1800,3.723
JNK3,2,20,70,76,10,0.239
JNK3,2,20,70,76,30,0.253
JNK3,2,20,70,76,60,0.368
JNK3,2,20,70,76,300,1.621
JNK3,2,20,70,76,1800,3.717
JNK3,2,21,20,28,10,0.059
JNK3,2,21,20,28,30,0.016
JNK3,2,21,20,28,60,0.321
JNK3,2,21,20,28,300,1.081
JNK3,2,21,20,28,1800,2.755
JNK3,2,22,227,234,10,0
JNK3,2,22,227,234,30,0.001
JNK3,2,22,227,234,60,0.039
JNK3,2,22,227,234,300,0.05
JNK3,2,22,227,234,1800,0.593
JNK3,2,23,187,193,10,0.061
JNK3,2,23,187,193,30,0.059
JNK3,2,23,187,193,60,0.012
JNK3,2,23,187,193,300,0.384
JNK3,2,23,187,193,1800,0.839
JNK3,2,24,246,251,10,0.053
JNK3,2,24,246,251,30,0
JNK3,2,24,246,251,60,0.34
JNK3,2,24,246,251,300,0.678
JNK3,2,24,246,251,1800,1.262
JNK3,2,25,133,139,10,0.066
JNK3,2,25,133,139,30,0.241
JNK3,2,25,133,139,60,0.249
JNK3,2,25,133,139,300,0.721
JNK3,2,25,133,139,1800,1.557
JNK3,2,26,278,285,10,0.095
JNK3,2,26,278,285,30,0.125
JNK3,2,26,278,285,60,0.253
JNK3,2,26,278,285,300,1.129
JNK3,2,26,278,285,1800,2.303
JNK3,2,27,308,313,10,0.033
JNK3,2,27,308,313,30,0.249
JNK3,2,27,308,313,60,0.415
JNK3,2,27,308,313,300,1.555
JNK3,2,27,308,313,1800,3.672
JNK3,2,28,187,196,10,0.123
JNK3,2,28,187,196,30,0.185
JNK3,2,28,187,196,60,0.328
JNK3,2,28,187,196,300,1.773
JNK3,2,28,187,196,1800,4.165
JNK3,2,29,315,322,10,0
JNK3,2,29,315,322,30,0.056
JNK3,2,29,315,322,60,0.051
JNK3,2,29,315,322,300,0.728
JNK3,2,29,315,322,1800,1.418
JNK3,2,30,256,264,10,0
JNK3,2,30,256,264,30,0.191
JNK3,2,30,256,264,60,0.142
JNK3,2,30,256,264,300,0.662
JNK3,2,30,256,264,1800,1.342
JNK3,3,1,218,223,10,0.031
JNK3,3,1,218,223,30,0.177
JNK3,3,1,218,223,60,0.162
JNK3,3,1,218,223,300,0.479
JNK3,3,1,218,223,1800,1.788
JNK3,3,2,40,48,10,0.149
JNK3,3,2,40,48,30,0.18
JNK3,3,2,40,48,60,0.433
JNK3,3,2,40,48,300,1.635
JNK3,3,2,40,48,1800,4.021
JNK3,3,3,289,297,10,0
JNK3,3,3,289,297,30,0.188
JNK3,3,3,289,297,60,0.072
JNK3,3,3,289,297,300,1.16
JNK3,3,3,289,297,1800,2.544
JNK3,3,4,307,315,10,0.061
JNK3,3,4,307,315,30,0.054
JNK3,3,4,307,315,60,0.089
JNK3,3,4,307,315,300,0.426
JNK3,3,4,307,315,1800,1.166
JNK3,3,5,389,396,10,0
JNK3,3,5,389,396,30,0.227
JNK3,3,5,389,396,60,0.401
JNK3,3,5,389,396,300,1.484
JNK3,3,5,389,396,1800,3.386
JNK3,3,6,105,110,10,0.071
JNK3,3,6,105,110,30,0.093
JNK3,3,6,105,110,60,0.384
JNK3,3,6,105,110,300,1.555
JNK3,3,6,105,110,1800,3.461
JNK3,3,7,247,256,10,0.076
JNK3,3,7,247,256,30,0.104
JNK3,3,7,247,256,60,0.414
JNK3,3,7,247,256,300,1.694
JNK3,3,7,247,256,1800,4.171
JNK3,3,8,117,126,10,0.016
JNK3,3,8,117,126,30,0.07
JNK3,3,8,117,126,60,0.153
JNK3,3,8,117,126,300,0.305
JNK3,3,8,117,126,1800,0.363
JNK3,3,9,258,265,10,0.008
JNK3,3,9,258,265,30,0.075
JNK3,3,9,258,265,60,0.349
JNK3,3,9,258,265,300,1.36
JNK3,3,9,258,265,1800,3.147
JNK3,3,10,351,360,10,0.202
JNK3,3,10,351,360,30,0.169
JNK3,3,10,351,360,60,0.288
JNK3,3,10,351,360,300,0.652
JNK3,3,10,351,360,1800,1.942
JNK3,3,11,24,32,10,0.036
JNK3,3,11,24,32,30,0.12
JNK3,3,11,24,32,60,0.15
JNK3,3,11,24,32,300,0.773
JNK3,3,11,24,32,1800,2.089
JNK3,3,12,35,41,10,0.181
JNK3,3,12,35,41,30,0.241
JNK3,3,12,35,41,60,0.528
JNK3,3,12,35,41,300,1.781
JNK3,3,12,35,41,1800,4.005
JNK3,3,13,355,361,10,0.181
JNK3,3,13,355,361,30,0.244
JNK3,3,13,355,361,60,0.076
JNK3,3,13,355,361,300,0.81
JNK3,3,13,355,361,1800,1.804
JNK3,3,14,344,349,10,0.066
JNK3,3,14,344,349,30,0
JNK3,3,14,344,349,60,0.326
JNK3,3,14,344,349,300,1.585
JNK3,3,14,344,349,1800,3.5
JNK3,3,15,120,126,10,0
JNK3,3,15,120,126,30,0.119
JNK3,3,15,120,126,60,0.07
JNK3,3,15,120,126,300,0.298
JNK3,3,15,120,126,1800,0.73
JNK3,3,16,310,316,10,0
JNK3,3,16,310,316,30,0
JNK3,3,16,310,316,60,0.151
JNK3,3,16,310,316,300,1.029
JNK3,3,16,310,316,1800,2.254
JNK3,3,17,231,239,10,0.086
JNK3,3,17,231,239,30,0.124
JNK3,3,17,231,239,60,0.342
JNK3,3,17,231,239,300,1.546
JNK3,3,17,231,239,1800,4.062
JNK3,3,18,243,252,10,0.066
JNK3,3,18,243,252,30,0
JNK3,3,18,243,252,60,0.31
JNK3,3,18,243,252,300,1.101
JNK3,3,18,243,252,1800,2.787
JNK3,3,19,40,49,10,0.241
JNK3,3,19,40,49,30,0.194
JNK3,3,19,40,49,60,0.26
JNK3,3,19,40,49,300,1.296
JNK3,3,19,40,49,1800,3.182
JNK3,3,20,207,213,10,0.101
JNK3,3,20,207,213,30,0.123
JNK3,3,20,207,213,60,0.255
JNK3,3,20,207,213,300,1.021
JNK3,3,20,207,213,1800,2.421
JNK3,3,21,76,84,10,0.029
JNK3,3,21,76,84,30,0
JNK3,3,21,76,84,60,0.157
JNK3,3,21,76,84,300,0.232
JNK3,3,21,76,84,1800,0.731
JNK3,3,22,252,257,10,0.045
JNK3,3,22,252,257,30,0.185
JNK3,3,22,252,257,60,0.238
JNK3,3,22,252,257,300,0.769
JNK3,3,22,252,257,1800,1.999
JNK3,3,23,59,66,10,0
JNK3,3,23,59,66,30,0.034
JNK3,3,23,59,66,60,0.16
JNK3,3,23,59,66,300,0.715
JNK3,3,23,59,66,1800,1.671
JNK3,3,24,297,302,10,0
JNK3,3,24,297,302,30,0.104
JNK3,3,24,297,302,60,0.077
JNK3,3,24,297,302,300,0.585
JNK3,3,24,297,302,1800,1.275
JNK3,3,25,212,221,10,0.399
JNK3,3,25,212,221,30,0.209
JNK3,3,25,212,221,60,0.399
JNK3,3,25,212,221,300,1.407
JNK3,3,25,212,221,1800,3.402
JNK3,3,26,40,45,10,0.106
JNK3,3,26,40,45,30,0.145
JNK3,3,26,40,45,60,0.214
JNK3,3,26,40,45,300,0.658
JNK3,3,26,40,45,1800,2.126
JNK3,3,27,10,16,10,0.26
JNK3,3,27,10,16,30,0.291
JNK3,3,27,10,16,60,0.191
JNK3,3,27,10,16,300,1.524
JNK3,3,27,10,16,1800,3.655
JNK3,3,28,17,24,10,0
JNK3,3,28,17,24,30,0.165
JNK3,3,28,17,24,60,0.369
JNK3,3,28,17,24,300,1.041
JNK3,3,28,17,24,1800,2.712
JNK3,3,29,144,152,10,0.166
JNK3,3,29,144,152,30,0
JNK3,3,29,144,152,60,0.148
JNK3,3,29,144,152,300,1.153
JNK3,3,29,144,152,1800,2.692
JNK3,3,30,124,133,10,0
JNK3,3,30,124,133,30,0.048
JNK3,3,30,124,133,60,0.176
JNK3,3,30,124,133,300,0.196
JNK3,3,30,124,133,1800,0.328
JNK3,4,1,167,174,10,0.114
JNK3,4,1,167,174,30,0
JNK3,4,1,167,174,60,0
JNK3,4,1,167,174,300,0.101
JNK3,4,1,167,174,1800,0.636
JNK3,4,2,113,122,10,0.161
JNK3,4,2,113,122,30,0.011
JNK3,4,2,113,122,60,0.147
JNK3,4,2,113,122,300,0.554
JNK3,4,2,113,122,1800,1.267
JNK3,4,3,45,51,10,0.141
JNK3,4,3,45,51,30,0.266
JNK3,4,3,45,51,60,0.37
JNK3,4,3,45,51,300,1.631
JNK3,4,3,45,51,1800,4.003
JNK3,4,4,220,225,10,0
JNK3,4,4,220,225,30,0
JNK3,4,4,220,225,60,0.139
JNK3,4,4,220,225,300,0.323
JNK3,4,4,220,225,1800,1.007
JNK3,4,5,88,96,10,0
JNK3,4,5,88,96,30,0.165
JNK3,4,5,88,96,60,0.508
JNK3,4,5,88,96,300,1.536
JNK3,4,5,88,96,1800,3.74
JNK3,4,6,301,308,10,0.175
JNK3,4,6,301,308,30,0.009
JNK3,4,6,301,308,60,0
JNK3,4,6,301,308,300,0.152
JNK3,4,6,301,308,1800,0.54
JNK3,4,7,2,10,10,0.225
JNK3,4,7,2,10,30,0.164
JNK3,4,7,2,10,60,0.344
JNK3,4,7,2,10,300,1.357
JNK3,4,7,2,10,1800,3.333
JNK3,4,8,367,372,10,0.05
JNK3,4,8,367,372,30,0.168
JNK3,4,8,367,372,60,0.211
JNK3,4,8,367,372,300,1.148
JNK3,4,8,367,372,1800,2.641
JNK3,4,9,40,47,10,0.254
JNK3,4,9,40,47,30,0.105
JNK3,4,9,40,47,60,0.345
JNK3,4,9,40,47,300,1.445
JNK3,4,9,40,47,1800,3.42
JNK3,4,10,18,27,10,0.153
JNK3,4,10,18,27,30,0.143
JNK3,4,10,18,27,60,0.078
JNK3,4,10,18,27,300,0.575
JNK3,4,10,18,27,1800,1.395
JNK3,4,11,4,10,10,0.077
JNK3,4,11,4,10,30,0.096
JNK3,4,11,4,10,60,0.038
JNK3,4,11,4,10,300,0.685
JNK3,4,11,4,10,1800,1.309
JNK3,4,12,31,36,10,0.22
JNK3,4,12,31,36,30,0.106
JNK3,4,12,31,36,60,0
JNK3,4,12,31,36,300,1.132
JNK3,4,12,31,36,1800,2.999
JNK3,4,13,350,355,10,0
JNK3,4,13,350,355,30,0.135
JNK3,4,13,350,355,60,0.013
JNK3,4,13,350,355,300,0.51
JNK3,4,13,350,355,1800,1.311
JNK3,4,14,100,106,10,0
JNK3,4,14,100,106,30,0.164
JNK3,4,14,100,106,60,0.287
JNK3,4,14,100,106,300,0.453
JNK3,4,14,100,106,1800,1.245
JNK3,4,15,219,225,10,0
JNK3,4,15,219,225,30,0.004
JNK3,4,15,219,225,60,0.048
JNK3,4,15,219,225,300,0.084
JNK3,4,15,219,225,1800,0.471
JNK3,4,16,138,145,10,0
JNK3,4,16,138,145,30,0.067
JNK3,4,16,138,145,60,0.058
JNK3,4,16,138,145,300,0.37
JNK3,4,16,138,145,1800,0.655
JNK3,4,17,202,209,10,0
JNK3,4,17,202,209,30,0.112
JNK3,4,17,202,209,60,0.441
JNK3,4,17,202,209,300,1.61
JNK3,4,17,202,209,1800,3.93
JNK3,4,18,102,107,10,0.157
JNK3,4,18,102,107,30,0.083
JNK3,4,18,102,107,60,0.321
JNK3,4,18,102,107,300,1.071
JNK3,4,18,102,107,1800,2.488
JNK3,4,19,197,203,10,0.144
JNK3,4,19,197,203,30,0.034
JNK3,4,19,197,203,60,0.077
JNK3,4,19,197,203,300,1.046
JNK3,4,19,197,203,1800,2.578
JNK3,4,20,51,60,10,0.262
JNK3,4,20,51,60,30,0.019
JNK3,4,20,51,60,60,0.122
JNK3,4,20,51,60,300,0.42
JNK3,4,20,51,60,1800,1.092
JNK3,4,21,119,127,10,0
JNK3,4,21,119,127,30,0.163
JNK3,4,21,119,127,60,0.04
JNK3,4,21,119,127,300,0.408
JNK3,4,21,119,127,1800,1.047
JNK3,4,22,205,212,10,0
JNK3,4,22,205,212,30,0.143
JNK3,4,22,205,212,60,0.16
JNK3,4,22,205,212,300,0.937
JNK3,4,22,205,212,1800,1.953
JNK3,4,23,62,70,10,0.063
JNK3,4,23,62,70,30,0.192
JNK3,4,23,62,70,60,0.233
JNK3,4,23,62,70,300,1.388
JNK3,4,23,62,70,1800,3.705
JNK3,4,24,162,168,10,0
JNK3,4,24,162,168,30,0.134
JNK3,4,24,162,168,60,0.296
JNK3,4,24,162,168,300,0.764
JNK3,4,24,162,168,1800,1.562
JNK3,4,25,170,177,10,0.066
JNK3,4,25,170,177,30,0.065
JNK3,4,25,170,177,60,0.058
JNK3,4,25,170,177,300,0.167
JNK3,4,25,170,177,1800,0.459
JNK3,4,26,342,347,10,0
JNK3,4,26,342,347,30,0
JNK3,4,26,342,347,60,0.325
JNK3,4,26,342,347,300,0.958
JNK3,4,26,342,347,1800,2.455
JNK3,4,27,239,248,10,0
JNK3,4,27,239,248,30,0.331
JNK3,4,27,239,248,60,0.455
JNK3,4,27,239,248,300,1.685
JNK3,4,27,239,248,1800,4.281
JNK3,4,28,363,370,10,0.119
JNK3,4,28,363,370,30,0.077
JNK3,4,28,363,370,60,0.148
JNK3,4,28,363,370,300,1.139
JNK3,4,28,363,370,1800,2.851
JNK3,4,29,93,98,10,0
JNK3,4,29,93,98,30,0.052
JNK3,4,29,93,98,60,0.034
JNK3,4,29,93,98,300,0.732
JNK3,4,29,93,98,1800,1.657
JNK3,4,30,107,113,10,0
JNK3,4,30,107,113,30,0
JNK3,4,30,107,113,60,0.181
JNK3,4,30,107,113,300,1.349
JNK3,4,30,107,113,1800,3.374
